image_001.jpg,159.96878,163.26193,-111.64433,160.59023,152.62904,-133.86243,162.2508,151.43706,-133.90625,164.06673,150.15845,-134.08862,159.9472,152.36063,-110.16152,161.0669,151.113,-110.03378,162.24333,149.89705,-110.09577,184.72762,140.51498,-177.49149,180.09523,141.01897,-70.53408,172.93791,166.36766,-121.67604,172.8676,166.22316,-90.62723,228.56172,190.26573,-176.1481,198.86717,170.6189,-2.4397156,211.21083,278.79858,-140.78043,161.64928,236.82802,31.368786,164.30316,212.49455,-50.59937,124.22331,207.55394,5.4824996,149.80518,201.83182,-50.694355,114.7264,206.2261,2.8351016,157.02396,192.13031,-42.7342,113.53197,201.14201,-2.2850046,161.32045,195.94955,-42.796825,120.60714,201.53578,0.9588799,214.51596,324.18353,-48.26542,195.61363,307.80667,48.513145,192.22382,416.66183,11.11609,177.54091,394.7138,135.35995,190.31966,496.91235,92.11023,177.3955,476.49347,218.61537,199.07582,512.27673,99.95652,185.7401,490.97333,227.14578,161.46474,513.4465,78.921,146.54654,500.38123,212.33852
image_002.jpg,42.31642,181.23602,-172.05179,46.189297,173.15645,-165.82368,48.397045,172.64528,-165.86267,50.397305,172.20877,-165.93234,37.983814,173.78368,-167.34853,35.717896,173.51877,-167.37384,34.00824,173.36966,-167.407,53.815735,171.83794,-113.572334,31.82073,174.16928,-118.5687,46.921898,185.92233,-150.55426,38.50074,186.95023,-152.04091,69.12707,198.0233,-48.734745,16.073294,208.86923,-114.00993,70.5448,243.89458,-23.704693,17.276937,266.27695,-120.78322,67.363945,279.33133,-44.260773,60.19307,281.2871,-134.81346,72.66225,291.49,-55.3798,70.682205,289.89636,-150.68665,70.38953,291.13715,-63.692142,74.27349,284.23288,-149.75352,67.46977,285.0555,-48.07694,71.25883,281.17096,-133.70593,58.63107,270.76633,32.76864,32.295666,280.1198,-32.74287,111.216705,281.16,-64.255295,63.626625,316.5919,-136.40813,85.145775,332.13803,28.148561,48.40725,362.78946,-53.96236,74.01434,338.69406,37.182705,39.32118,365.53268,-44.117737,95.761215,358.90115,16.87669,60.67874,393.06345,-68.856476
image_003.jpg,51.15102,196.1123,-158.71797,55.162388,190.5467,-158.6626,57.59675,190.47913,-158.65971,60.217804,190.47025,-158.70638,50.809998,190.72472,-151.111,49.950172,190.70424,-151.1452,49.003796,190.70406,-151.2079,68.050446,192.98442,-133.97964,53.06742,192.56642,-98.70914,56.1751,202.19417,-147.69145,50.51332,202.09256,-137.42053,96.33449,227.40137,-106.536354,37.897247,225.73943,-85.30238,93.19848,277.8224,-103.17769,32.911747,277.2201,-90.0435,73.53289,314.86227,-131.56229,63.196033,304.47665,-136.58583,70.72959,326.7334,-147.253,68.21249,316.02783,-152.71606,66.453354,326.45398,-151.91139,71.775246,312.7986,-154.81876,67.47087,320.5708,-132.86182,70.74595,307.81808,-137.0963,83.308495,302.5132,4.8421607,48.412876,301.3671,-4.8132467,103.367424,350.92368,-83.5584,42.75866,318.2291,-181.25865,87.84964,353.73987,134.49043,53.74824,374.10095,-87.532585,84.5239,349.01575,156.91983,53.95653,380.42715,-77.97553,88.03059,370.05484,149.99577,66.16997,397.0293,-127.6677
image_004.jpg,55.12428,192.55342,-121.610085,57.291214,184.59254,-115.91793,59.175255,184.08807,-115.97069,60.836376,183.6648,-116.03925,50.877323,185.39772,-119.17769,48.0305,185.45969,-119.194695,45.149345,185.62625,-119.20881,60.39374,183.97208,-71.777534,38.069614,187.12657,-84.3595,57.597054,196.87881,-103.14626,50.282764,198.4219,-106.77377,75.07204,214.10855,-22.200142,20.275616,227.16989,-83.50659,80.10425,257.56506,3.7719498,25.692274,286.20667,-83.15985,77.70213,286.49194,-24.388344,72.031136,290.3261,-92.163155,84.17993,296.25754,-36.970432,81.80494,297.04846,-105.4233,80.73235,293.66434,-43.892242,84.059204,290.7159,-103.90159,77.00972,289.60553,-28.094618,80.805954,288.5615,-90.542206,69.1189,292.3599,28.571402,41.138447,300.09225,-28.42788,121.9468,304.51044,-57.69682,79.92786,324.19028,-107.50345,94.453995,350.37723,9.991061,56.186382,370.34476,-37.485813,85.20133,352.01147,16.611795,45.550987,371.68744,-28.61173,110.084496,381.71667,3.3668952,65.89622,398.2362,-42.42888
image_005.jpg,95.20379,188.04074,-152.64401,94.99267,181.11818,-147.28604,95.95191,180.69806,-147.30344,96.73983,180.34349,-147.35287,89.81722,182.71638,-151.37605,86.83638,183.42683,-151.4115,83.79101,184.09113,-151.45514,93.35807,182.48703,-103.32373,75.46754,186.76134,-121.40056,96.806435,193.01376,-134.14716,90.15668,195.02313,-139.36072,109.971985,210.04375,-61.426857,56.899998,225.1969,-114.83377,117.0814,256.44635,-51.067707,63.270306,277.93384,-123.70545,109.63434,290.89987,-73.036026,103.94978,284.32855,-132.45398,110.17017,304.776,-85.40351,112.99177,290.65543,-144.64186,105.20663,302.63242,-87.66966,115.37002,285.7051,-143.85881,104.62457,294.9877,-74.77428,112.56146,284.02765,-131.12013,106.13221,287.17676,23.073067,77.69995,294.12042,-22.88884,148.38564,303.83078,-99.76366,108.32413,320.0158,-120.47235,114.15557,348.95364,-15.033689,90.77202,369.14136,-59.503647,106.081085,349.99393,-6.725666,82.23058,373.95255,-53.640778,122.42587,376.74466,-30.431034,107.76533,393.99402,-91.3264
image_006.jpg,416.35245,220.12318,-219.38425,419.564,213.72884,-218.35309,421.45157,213.03804,-218.35489,423.20148,212.23462,-218.41246,413.85962,213.38809,-218.72633,411.56757,212.55275,-218.77113,409.17062,211.57816,-218.78212,424.38666,209.19171,-173.14674,402.9966,207.15709,-175.60661,418.21387,223.65207,-198.54749,411.8615,223.05128,-199.37291,435.17264,231.06032,-128.31104,383.0013,224.87297,-125.87912,432.19235,280.19736,-119.41092,374.72388,270.99078,-158.72876,409.8935,319.859,-157.35173,394.84784,262.9552,-238.88974,405.24338,333.23392,-172.16919,402.82996,260.73355,-257.11853,400.74542,330.4101,-178.89778,403.185,254.49539,-253.21048,401.4768,326.01212,-159.34746,401.16016,255.08305,-237.69225,419.71643,289.05713,7.5408306,390.08817,288.52347,-7.5772896,454.7682,339.718,-34.613293,392.25653,338.9253,-38.210526,441.1903,369.8023,81.725746,391.53085,365.88733,57.117683,435.404,372.77966,92.08654,392.1943,381.0498,65.89385,452.3995,391.4289,61.01233,391.44354,396.02145,23.040482
image_007.jpg,222.22446,112.39172,-167.63536,228.72627,102.26086,-148.50012,231.76762,102.275246,-148.57588,234.41019,102.47199,-148.70746,217.49507,102.2211,-150.82,213.31355,102.275,-150.85658,209.52414,102.52808,-150.87857,237.13838,105.47636,-42.05499,204.2168,106.703186,-53.606865,227.57013,122.75431,-127.42038,214.85347,122.880806,-130.93436,257.00806,160.40558,24.241713,180.42955,159.79579,-0.8014804,274.3969,232.41745,-82.20606,170.21516,236.81009,-96.58189,273.8275,167.73988,-245.5102,175.97205,170.27,-256.81927,278.83734,149.78082,-272.4267,177.21146,152.13165,-280.93866,278.32925,142.91815,-255.26704,178.24284,145.85425,-272.78482,275.72662,149.01326,-242.77277,179.33458,152.88504,-256.65247,243.03256,271.3072,7.3943057,197.75003,275.85577,-7.110934,241.27304,354.7644,-96.684135,209.58032,361.9262,-69.995285,239.6167,420.6453,42.849342,211.04636,422.4289,130.93564,239.18683,431.09735,54.66624,211.85971,429.83142,149.1151,239.39961,445.89398,-22.984854,211.915,453.28568,69.97622
image_008.jpg,229.71313,115.71023,-185.4243,236.98586,107.176834,-170.25615,240.10999,107.34456,-170.32341,242.72046,107.61237,-170.43416,223.73808,107.07709,-168.78418,219.04752,107.332596,-168.7706,215.12303,107.847534,-168.77953,245.04482,111.15275,-83.3313,209.92204,111.929985,-76.2319,236.96552,126.54825,-152.88953,221.36278,125.97277,-151.08775,261.4748,164.50058,-43.072857,186.68326,165.35107,-23.949074,274.53232,227.12479,-156.31639,178.97551,233.75832,-111.2232,276.973,165.62572,-304.403,189.04828,167.6007,-251.97173,275.36343,149.14626,-329.55283,187.42587,150.0869,-270.6094,277.36566,144.13107,-311.54636,188.10652,144.87456,-258.83298,268.16986,149.82397,-300.4369,190.27551,151.23634,-249.59882,245.39964,276.19052,-10.555661,203.3996,276.39053,10.761211,242.15524,356.06033,-113.43389,213.77475,362.57257,16.257164,240.10037,421.37125,28.4297,215.28247,424.2812,168.9586,240.58885,431.55536,39.86159,216.7976,433.42505,182.52292,238.63373,447.2862,-35.34154,214.70906,453.27786,103.30458
image_009.jpg,227.34802,117.97571,-183.74805,234.69128,108.60059,-168.76892,237.85866,108.82458,-168.86339,240.73027,109.17669,-168.92207,223.09566,108.1927,-167.00357,219.02226,108.13565,-167.04727,215.5293,108.26699,-167.08244,243.95583,113.107,-80.18233,209.05252,114.09722,-71.583374,233.74841,128.9162,-150.78903,219.75592,128.95201,-148.58359,263.42136,167.87541,-41.78323,185.31401,169.30211,-19.545975,280.57916,232.62547,-161.55727,177.36588,237.38696,-107.71411,274.51572,167.60352,-313.60327,187.52534,171.19875,-252.2215,267.3043,148.8991,-340.6114,186.03444,153.92877,-273.36105,271.03876,143.24472,-322.6577,185.91048,149.46022,-262.59457,267.13388,150.71486,-309.62106,188.45825,155.36545,-250.44937,248.84482,292.47034,-8.567068,205.20836,292.1432,8.929795,248.05739,381.16275,-42.19741,211.67021,381.593,49.858757,247.25278,454.21075,117.48431,213.17766,453.9857,224.81201,248.90308,465.85318,130.15341,213.67998,465.785,240.5208,243.05254,481.86118,52.960026,213.44022,483.13116,152.61949
image_010.jpg,226.61876,118.09898,-168.51938,232.59142,108.95297,-156.13965,235.51129,108.74062,-156.24158,238.13791,108.59137,-156.35558,221.90147,108.416275,-156.31958,217.98875,107.87732,-156.32483,214.34659,107.45324,-156.32945,240.1563,110.92898,-69.95413,207.74141,110.34884,-72.45128,232.35167,127.54258,-134.73756,218.71352,127.272514,-135.60172,257.3416,155.46663,-22.682472,182.80397,157.42307,-10.006579,267.57727,225.92146,-110.654686,174.37912,238.34505,-85.96872,268.54578,158.46873,-239.41136,185.81674,172.09131,-223.52019,267.9233,144.13417,-262.38266,188.90666,153.71559,-242.8847,269.8385,139.16731,-246.90115,186.2175,147.62263,-234.21043,266.038,145.23769,-235.7859,189.44553,153.63684,-222.55078,246.29987,270.3306,-6.368587,202.19353,274.98767,6.724694,241.00284,358.29935,-47.3532,209.83818,360.46365,61.131256,242.50299,429.18195,69.804955,214.14264,422.27335,249.68059,242.80649,440.65994,79.22853,215.03314,431.56195,267.26434,242.95824,454.22604,6.783291,213.78766,449.60513,194.77492
image_011.jpg,213.02843,91.80508,-84.92134,219.00851,81.93002,-95.71341,220.55229,82.14493,-95.66443,222.25621,82.32814,-95.665,218.05324,81.32714,-69.86024,218.84465,81.08573,-69.93576,219.80267,80.73158,-70.04448,234.74712,87.79154,-120.33603,232.04893,85.64358,-0.4553318,217.11804,101.841835,-92.34415,215.74054,101.41799,-58.076588,245.53986,150.66125,-135.09134,233.88078,139.64673,67.65688,232.25006,220.88509,-128.91869,214.91179,190.04176,134.8211,209.14597,181.2628,-102.52123,196.33435,181.84454,165.81578,196.88571,169.98233,-118.51366,192.12747,166.10544,179.68048,206.02164,168.55586,-114.980316,194.07346,177.91496,168.08278,208.39815,172.10541,-99.78003,194.24968,179.5022,162.46445,237.43442,271.84045,-75.62216,234.03467,255.58441,75.86783,262.778,268.47784,-217.35004,243.6183,219.69434,296.18307,213.19485,176.32419,-286.10544,208.47633,178.41997,409.6001,196.6256,177.47856,-289.52338,203.05751,186.76938,421.85132,223.91449,125.41866,-333.38992,219.30621,159.354,422.91553
image_012.jpg,121.53671,170.95126,-87.77752,122.404655,160.58907,-110.69674,124.322945,159.49802,-110.748314,126.289665,158.26175,-110.900505,119.98109,161.44138,-87.90694,119.99587,161.13634,-87.81622,120.063156,160.88615,-87.9085,147.44055,145.38106,-157.39793,135.7627,154.393,-54.724274,134.03107,177.26013,-98.88211,131.82233,178.08244,-68.96166,201.94937,198.88274,-154.46977,161.68594,185.34131,7.8602066,173.97916,287.21402,-122.62825,127.77926,253.01062,74.22288,119.04289,223.5328,-29.697561,79.103516,224.55453,107.931915,103.42225,211.20926,-28.526537,66.48598,218.71622,114.461395,111.00328,201.12148,-20.181164,64.31037,216.30637,108.11939,117.31116,205.93498,-21.855034,72.309135,218.75096,104.53879,192.86928,342.33395,-39.979607,170.051,335.10568,40.3058,181.58363,445.31665,7.100819,162.56439,438.38144,83.607056,183.89333,531.831,78.43168,170.24902,523.84985,150.09229,191.7925,546.3432,84.36031,179.74696,538.00555,155.98854,160.48288,555.91156,54.30612,145.9455,551.53815,120.63078
image_014.jpg,194.0716,108.806404,-89.8238,198.53893,97.89162,-109.7722,200.70203,97.41841,-109.75299,202.80301,97.10028,-109.8023,195.76315,98.004616,-81.18162,195.73825,97.579346,-81.21799,195.66226,97.23982,-81.194786,216.22043,98.50181,-149.07741,206.07077,97.32833,-22.291058,200.37016,119.146965,-100.6404,198.04953,118.19989,-64.32764,239.2658,157.7263,-169.99893,221.87433,149.28981,62.34365,230.66826,231.856,-142.59091,190.7586,210.53867,-6.0936975,200.33847,173.02264,-5.79467,180.9263,168.98476,-176.99255,193.34312,158.0657,-6.0825214,177.33281,154.91524,-192.07431,200.35863,150.12671,-1.5977374,168.93376,153.56563,-193.3572,202.91585,155.90903,1.9764652,171.62784,157.82845,-183.26122,221.46289,281.58728,-69.42903,221.36995,272.0859,69.49556,217.55318,230.88399,-63.03209,235.17105,193.09395,207.35419,196.4649,173.81418,48.971046,194.22844,166.32977,274.22598,191.7232,174.75044,59.373207,185.27417,169.4903,280.49734,187.27249,132.08333,49.557407,178.85822,137.34746,280.9845
image_015.jpg,187.75052,101.3568,-149.32181,193.95976,88.40102,-164.05899,196.25679,87.795135,-164.03456,199.30225,86.9923,-164.10532,190.50404,88.36098,-141.44263,190.47127,87.70536,-141.5316,190.59138,87.13276,-141.58562,209.47467,88.60551,-185.62714,199.55484,88.28236,-84.17864,194.53595,110.22378,-153.16162,190.62094,109.773224,-123.994965,237.07883,148.02193,-170.0839,206.29686,128.09917,-26.752441,228.64105,227.59726,-187.1907,184.61072,189.78635,-43.481632,201.5003,154.19139,-160.5077,180.7646,139.12134,-132.95619,192.68904,142.7903,-167.12827,177.98376,120.3697,-139.18254,200.27463,132.92615,-159.4377,180.3352,114.97734,-142.81624,201.73239,139.0435,-154.46432,180.61595,121.714775,-136.49155,224.6881,255.5261,-43.785614,210.92455,239.25197,43.872883,222.4054,238.17372,-142.22333,207.24438,195.60631,8.135668,208.44998,165.94417,-66.95832,191.84543,175.85464,33.457653,206.72656,163.56783,-57.22764,186.70705,177.68307,37.908962,197.0489,117.057106,-67.2086,183.18793,151.45119,28.237402
image_016.jpg,195.60799,99.19327,-197.39415,202.38104,85.66658,-210.03696,205.08662,85.00227,-210.05264,208.23422,84.209435,-210.14969,196.88766,85.19786,-188.17064,195.34346,84.16772,-188.07016,194.381,82.99617,-188.11113,218.95868,85.167625,-193.12129,200.10559,83.117516,-97.66344,202.64293,108.34163,-185.0664,196.242,108.99201,-157.51706,248.98256,138.25217,-178.45033,200.97331,130.47763,-12.7723,229.36894,223.96864,-187.29811,179.82924,193.03162,-83.501366,208.9228,138.19861,-109.16451,193.74847,139.1183,-230.93732,202.86267,119.74258,-108.024864,190.37631,123.58995,-245.58577,208.13615,110.78648,-101.570915,192.83133,115.878296,-232.52719,211.72585,116.091866,-101.49233,195.13454,122.602936,-230.91136,252.3508,281.80954,-42.344276,216.62248,278.65286,42.63315,243.6456,361.8515,64.2922,215.87694,362.29242,159.51357,242.06987,436.03192,204.65324,228.48462,438.15518,299.22302,247.25317,447.90042,216.3044,236.4687,449.73355,313.19193,225.02562,464.97772,164.3838,208.314,468.98608,269.7097
image_017.jpg,224.64877,76.59303,-162.01302,217.85474,63.22177,-153.18886,219.48749,69.548996,-153.27187,219.5295,69.36052,-153.35008,215.18896,64.243195,-180.60753,212.6352,64.28355,-180.65497,210.20514,64.29815,-180.72131,200.33533,67.505806,-96.335495,196.62408,72.041214,-216.97726,219.84663,90.66502,-137.44344,217.09053,91.232056,-172.18196,205.51675,131.59935,-9.284361,181.5546,155.29355,-229.40904,237.64165,203.4502,-27.367287,211.34703,252.6593,-178.70335,246.77823,170.92561,-157.60025,238.08728,195.20988,-69.91492,247.50415,162.35883,-175.48433,254.78589,188.36987,-73.86972,245.68958,142.61676,-167.5104,238.18938,168.02454,-74.22294,246.70699,158.81119,-158.9398,233.92021,176.12636,-65.75384,197.54126,270.68845,60.985073,189.43921,279.50912,-60.78073,204.65408,359.12042,159.12805,217.33995,369.87198,23.312513,196.37384,420.84283,293.62564,195.68689,441.64783,159.64977,189.5169,431.67755,304.48737,184.39655,453.98077,171.89807,222.73952,434.27896,271.936,223.56844,461.5365,121.82522
image_018.jpg,198.4281,94.63576,-161.94978,199.30075,79.38452,-154.54222,199.2375,78.859886,-154.58165,199.15712,78.361145,-154.62367,195.7948,80.331665,-179.27832,193.13599,80.49213,-179.27171,190.66,80.50983,-179.29663,186.05869,83.6746,-95.04426,174.64551,86.49358,-205.27383,202.60591,105.553055,-135.89528,187.60175,107.904305,-167.45084,183.18115,140.73956,-8.613077,134.28247,155.9095,-191.7757,210.95428,226.86346,-43.4311,163.32144,266.91055,-140.04361,216.12315,184.48006,-195.14653,196.77895,181.11902,-27.159159,215.73302,172.12216,-212.64691,207.99068,165.6281,-21.00843,223.85422,162.41057,-196.86081,196.15346,151.97949,-19.52134,216.71823,168.125,-193.81206,191.17389,159.19238,-21.325857,180.71991,279.3314,50.66316,160.8015,286.33392,-50.536034,188.0057,365.59894,181.71979,181.66795,375.76843,43.408844,178.84799,423.77142,340.8215,167.14923,445.91476,179.64658,171.0959,434.76862,354.46344,156.43298,456.9861,191.90364,209.08203,443.2507,321.97485,198.31047,473.87527,132.86392
image_019.jpg,203.66682,70.09415,-171.12257,202.05023,59.40003,-163.52808,203.18642,59.065933,-163.6058,204.36409,58.766857,-163.71544,197.28845,57.498558,-187.01875,194.57611,57.29795,-186.99532,192.19255,56.968834,-186.98204,183.9651,62.96183,-103.51545,174.52266,64.462814,-209.05655,196.70105,81.888466,-144.71776,192.80449,82.375336,-174.8005,182.61612,108.84742,-20.397045,137.34637,130.40523,-207.13835,215.96672,175.86508,27.352762,167.04726,211.78596,-151.04005,208.53647,172.91122,-9.439912,193.30324,179.16801,-37.832596,208.42026,182.8667,-15.525607,208.47133,177.86818,-35.979904,203.56566,177.88112,-12.862328,193.66791,159.03377,-34.40576,201.91977,176.0483,-9.174164,192.15262,161.42976,-32.78509,176.0479,241.3034,54.83387,154.45563,253.90698,-54.59218,188.2856,322.58206,105.728745,184.04866,339.33252,-8.392821,173.24681,344.96646,315.87344,157.69897,366.90747,204.27357,166.62721,346.83655,337.14844,146.77466,368.46616,226.66095,194.79477,365.41962,331.00595,178.03012,392.37283,203.72638
image_020.jpg,213.73274,90.08124,-131.6772,213.25858,76.61768,-122.75665,212.86334,76.12157,-122.7843,212.37967,75.572655,-122.840164,209.7522,77.09804,-148.5958,206.95744,76.91127,-148.57948,204.02135,76.60419,-148.56412,196.98915,78.590675,-60.559013,187.288,79.74225,-175.66129,207.31987,101.846634,-104.900185,203.9512,101.89832,-137.85715,189.81876,136.19153,25.796577,155.29303,149.00285,-174.47969,223.6469,213.45816,-17.40897,181.06891,252.86671,-134.29813,229.78731,165.20403,-175.68326,214.03261,177.4745,-11.825626,232.15544,144.8142,-194.58844,226.71318,158.00015,-6.3965597,230.21455,140.03934,-176.57748,218.17294,152.23224,-6.860939,225.20517,146.40927,-173.7859,213.22665,158.19035,-7.028712,178.53209,279.54037,57.238907,164.87578,289.7534,-57.082626,182.21753,370.54422,176.09357,176.37254,383.07083,37.366707,167.92595,434.72635,300.56903,160.97455,459.54324,144.32367,158.44261,446.1067,311.58722,148.64682,472.1631,154.59244,200.35384,453.01825,285.52478,195.24236,484.1116,101.7844
image_021.jpg,229.36966,100.395134,-240.0862,234.08011,91.364944,-230.29886,236.768,90.85352,-230.34482,239.24925,90.363914,-230.41461,224.889,91.71669,-229.56339,221.8428,91.235085,-229.58226,219.26112,90.79933,-229.59586,243.66469,90.40336,-158.89507,216.69598,91.23219,-157.17842,234.55466,107.249374,-211.94717,225.3393,108.271935,-211.61934,264.95078,140.36687,-94.14757,197.14297,143.99236,-87.75545,267.2803,193.95332,-9.264384,195.62904,195.94202,-8.614643,266.0376,229.5375,-2.339926,199.76747,214.68944,-1.4967358,266.41455,243.67989,-6.148825,201.67348,222.161,-3.808706,263.1699,241.90887,-23.122032,199.94351,217.02727,-20.504078,259.66302,236.77205,-7.9667435,201.61871,214.17029,-6.8948073,247.28113,233.91498,-5.9540854,211.67462,238.30673,6.0289965,249.40567,311.84036,-23.766657,214.22485,315.70425,7.204411,252.22144,356.04623,121.74974,219.54404,354.61288,177.54979,255.20862,376.98453,132.08873,222.8395,370.1948,192.05093,259.5492,390.9906,58.58018,222.07141,392.6496,118.84592
image_022.jpg,222.87018,108.21068,-389.005,227.43857,99.39469,-378.9208,230.24767,98.36541,-378.95187,232.6335,97.370285,-379.04538,217.33012,100.962906,-376.1053,214.04,100.78992,-376.11237,211.23868,100.36517,-376.10706,237.59445,94.45031,-288.20212,206.79701,98.53009,-276.54944,228.92989,113.14738,-352.72302,217.9099,114.9776,-349.45764,261.75732,122.87912,-207.66998,195.23128,139.84196,-185.23949,274.55154,183.17352,-223.29274,191.1129,188.41205,-179.04903,278.05533,215.72441,-326.713,199.78487,216.05782,-272.00345,283.0395,225.49205,-356.82053,200.86801,225.82352,-295.315,277.36716,222.80261,-369.87726,202.338,220.1888,-312.02884,272.76266,218.98685,-333.80792,204.31465,216.30441,-280.0948,251.39276,210.89804,-8.259917,211.1431,212.13824,8.354273,241.02985,273.51038,-114.73898,211.40248,276.87595,-86.61856,245.99069,335.7788,53.192997,216.60141,335.45303,79.54391,245.60143,344.67862,64.178665,220.10919,342.546,91.97065,249.5717,360.4536,-28.508701,217.41667,363.8219,-6.5400696
image_023.jpg,135.03387,132.23116,-76.39151,142.78897,123.027695,-99.41319,145.4731,122.875984,-99.48797,148.71724,122.789314,-99.64241,140.09558,122.73834,-77.363594,140.6885,122.37581,-77.291595,141.48097,121.9591,-77.36735,171.37654,129.63016,-141.49174,163.76924,127.10269,-44.293095,141.93965,146.79651,-85.237206,138.27318,143.35442,-56.977947,190.57895,195.91415,-156.62894,164.20952,180.70007,27.511284,120.56625,271.49466,-122.20245,111.346436,233.09958,84.694595,99.5917,187.26112,-19.500893,83.04487,182.88449,106.37571,89.990524,174.5843,-20.006618,70.10437,173.59738,110.278534,109.40947,167.4217,-16.857496,75.58193,170.0969,109.54476,112.31962,171.02914,-13.676338,83.237,174.95644,105.04002,180.37102,345.84088,-43.671284,158.0288,340.51038,43.942806,172.29051,454.6136,1.7733169,154.14388,444.50815,87.08619,171.1391,546.0914,72.82048,162.35854,530.70355,155.85588,176.96146,562.4405,78.69041,169.68852,544.9356,162.98396,150.61765,565.5377,49.66194,140.19104,556.1083,137.46721
image_024.jpg,219.87529,99.210556,-205.2976,226.06894,91.15308,-193.76233,229.06142,90.57352,-193.79953,231.75217,90.07558,-193.85191,215.67935,91.883575,-193.5603,211.95451,91.55148,-193.54797,208.8753,91.01977,-193.56197,237.04222,90.28374,-112.37204,206.82712,89.9569,-113.38144,225.969,107.24909,-173.4702,215.10687,107.7413,-173.92413,259.58636,131.95929,-48.05682,186.3927,137.6647,-45.66837,286.6386,179.06892,-56.484238,180.41579,193.2201,-75.22725,270.88535,174.83669,-149.241,173.14055,183.23744,-222.24165,265.66702,174.66554,-165.94861,171.58527,182.08482,-247.72922,264.60156,167.4154,-162.13832,169.82495,173.12236,-254.56781,262.57767,168.51094,-148.71718,173.92404,173.98083,-227.72035,247.74883,233.85045,-8.851221,206.90916,234.64342,8.90593,241.37967,305.1761,-19.748024,207.05873,305.29645,3.0911884,248.85698,364.72876,124.298386,218.43233,360.37756,181.64081,249.62985,373.10977,133.98468,223.26581,366.34314,196.27243,249.25793,393.30096,60.60813,218.29405,391.61963,119.20677
image_025.jpg,215.59305,103.05659,-178.66116,220.24568,93.01659,-171.93423,223.35245,92.61977,-172.05241,226.43843,92.14962,-172.19135,212.0838,93.43758,-164.13547,209.75185,93.380585,-164.13432,207.24991,93.433655,-164.1929,233.45393,93.173485,-107.46937,209.45041,94.61434,-73.478226,222.63332,112.28835,-152.67,214.27884,113.62734,-142.93979,251.1048,138.70389,-75.79658,196.59589,141.35846,9.634237,255.39648,207.6414,-1.2809321,196.70192,205.57549,61.103554,255.15358,225.96881,25.37151,199.71588,250.9263,20.26073,255.80049,231.69449,23.219995,198.02367,260.31882,15.561463,258.43964,226.26228,11.971907,199.09135,259.92548,-5.060787,255.87753,224.58467,22.855087,201.61328,255.83588,11.1080885,244.62721,265.7286,-29.701077,212.91328,269.1638,29.750008,249.5,347.27322,-83.03221,211.99985,355.5068,-2.00993,255.4795,420.36124,88.368904,234.24985,411.28925,182.76076,258.35223,427.4818,102.88684,238.76782,416.0301,200.80695,246.36209,452.11057,40.788,232.255,441.87454,150.98572
image_026.jpg,174.93207,20.115946,-229.35913,188.19481,6.036837,-256.20862,193.5545,6.2513494,-256.21048,199.82272,6.391554,-256.29056,180.11194,4.47268,-217.37396,179.13063,3.7165546,-217.37282,178.29694,3.0171847,-217.5357,221.37201,14.578643,-291.19025,202.79193,10.987165,-114.99805,184.35373,38.6699,-237.32118,176.68947,36.277992,-186.55698,257.49796,118.98912,-292.02377,194.51674,112.440544,7.5243473,242.9001,265.7237,-264.13217,153.90042,223.8605,-51.165466,167.97891,165.82927,-137.99811,133.61183,172.76553,-295.35825,149.26875,149.79425,-138.54019,121.731,164.52206,-316.12845,157.92505,132.88754,-115.86953,119.04908,143.30959,-317.1978,165.25874,135.59232,-120.35565,125.76493,158.59174,-304.10373,223.54369,333.35034,-71.48363,188.65344,321.53564,72.2788,217.67383,462.2694,-0.85737854,174.89601,450.40778,214.78633,219.6883,573.7397,193.02565,171.51254,563.64044,389.94104,228.85777,594.3065,205.10707,173.6269,586.172,404.0258,187.9739,598.4789,99.870026,145.84677,585.40686,320.36963
image_028.jpg,188.41104,82.51263,-224.29938,185.95024,71.71209,-224.60635,188.69109,70.028,-224.56027,191.45862,68.386505,-224.62737,178.99794,76.161896,-227.83455,176.13496,77.992294,-227.86098,173.2503,79.8228,-227.8754,196.57755,73.6113,-191.05025,172.09016,89.412636,-204.16179,197.71034,90.44315,-207.74225,188.28304,96.39998,-211.35724,235.82632,103.9937,-151.7642,173.39447,136.99068,-172.27203,241.50797,63.260147,-150.8133,151.09998,140.76794,-114.70319,228.32335,8.397352,-134.33287,131.1056,110.27817,-25.471024,226.60783,-6.8832564,-139.52502,125.722176,104.06752,-16.428036,223.02684,-5.3241205,-137.06635,126.89655,103.893196,-19.014874,222.30144,1.4467192,-135.80478,130.21188,105.49291,-25.157917,278.90463,244.64091,-11.733334,238.49274,251.39105,11.777268,264.94046,244.62708,92.00044,213.82866,224.616,149.39694,219.6291,184.4791,235.55487,194.57594,197.72667,248.05415,214.46855,177.54417,250.92624,193.17883,195.52597,259.78592,198.10329,169.5192,264.95447,189.70644,190.01915,257.53482
image_029.jpg,171.67462,79.359375,-25.93949,156.31316,60.128593,-35.522556,162.60066,59.92308,-35.50481,164.20361,60.24823,-35.52523,155.34016,59.408344,-18.99331,156.45078,59.64731,-19.021992,168.86362,72.04479,-19.104929,174.19228,60.974583,-54.134575,178.4395,69.72725,25.25193,180.9086,81.63705,-28.670559,178.93799,84.207535,-6.0927978,217.04825,78.644226,-63.193245,199.43385,91.21777,59.549706,184.4054,73.03156,-92.118515,159.69286,103.80507,70.931915,152.08354,38.889015,-60.913353,128.37466,70.44529,31.397688,142.77223,29.50179,-74.3918,125.53076,59.64355,23.690601,146.32199,27.157516,-66.37648,127.000496,57.865173,12.732064,149.6742,31.468695,-58.568745,127.36359,60.125687,24.754477,245.72073,202.1367,-48.58701,235.34677,197.18004,48.548462,221.9252,167.3239,-111.71,222.51385,152.5027,136.56396,166.3659,102.870964,-133.71304,173.54008,107.24661,194.70126,157.15317,104.97795,-133.99815,165.84784,107.5288,202.8881,150.02051,52.95541,-167.1515,162.27573,75.56614,200.20448
image_030.jpg,270.01465,97.425865,-119.35666,270.20523,92.740425,-107.39163,270.98462,92.975914,-107.41825,271.8809,93.31934,-107.42672,266.7478,91.866295,-115.961044,264.87155,91.53432,-115.960526,262.7969,91.29054,-115.97805,268.64993,94.61587,-34.89089,255.62158,93.173935,-73.742355,270.1921,103.12792,-91.07843,265.62485,102.045715,-102.274086,271.50708,125.268234,31.060925,240.6306,125.71895,-57.64186,277.37924,155.59138,12.727007,231.14984,166.02347,-97.76434,280.8693,150.06696,-97.66998,246.7562,157.70229,-163.925,281.48834,146.11752,-117.16137,254.3208,156.25484,-181.89346,281.11142,140.88503,-120.81203,254.37607,147.78603,-183.20824,283.74365,138.67256,-102.75582,253.06755,148.40956,-164.38058,265.77374,196.75128,33.943665,249.50703,198.70375,-34.011665,269.57028,252.39684,55.07391,249.29008,255.57875,-26.06281,263.42502,301.8255,122.01125,248.73479,309.1111,29.065817,258.2036,308.2701,124.982445,247.3422,315.4976,31.171516,279.20712,318.82336,73.00772,257.47754,328.6576,-34.429176
image_031.jpg,287.6377,103.61111,-74.988174,288.83026,98.92304,-63.639313,289.797,99.39487,-63.656418,290.8387,99.95826,-63.687523,285.05655,97.846245,-73.18607,283.32715,97.625626,-73.182434,281.14276,97.35617,-73.20874,288.75525,101.754295,3.3578305,273.95895,98.64124,-40.57136,288.89755,110.04033,-48.659927,283.35654,108.78021,-61.423996,289.82516,130.71461,64.64345,258.74982,128.50836,-43.52675,300.53732,160.074,70.794846,250.88425,168.57063,-91.55993,301.14368,136.60048,20.619432,262.72833,163.55273,-135.17345,300.24258,129.23444,11.415102,273.30533,163.21594,-148.5718,299.6509,121.847046,11.053021,269.30222,153.17767,-147.92377,300.54703,128.52332,18.035746,268.41565,156.30377,-134.59456,281.95914,203.31337,38.982433,265.16287,204.55421,-39.028168,283.2765,264.48172,48.77951,264.05255,267.46933,-43.652325,276.5382,318.40756,93.76075,262.03836,325.9598,-7.3054576,271.26648,325.7284,95.243034,260.06232,333.33926,-6.2619677,295.19217,336.05063,50.06871,272.67957,346.73633,-66.15842
image_032.jpg,283.73798,113.74253,-70.90507,284.89996,108.01168,-60.44483,286.32755,108.67189,-60.4773,287.84592,109.4359,-60.50153,280.06375,106.23084,-68.97345,277.9556,105.63162,-68.95648,275.68927,105.12154,-68.96052,286.0551,111.451485,0.754457,268.75983,106.81729,-37.864094,285.59573,121.46448,-47.252724,279.02612,119.20663,-58.338863,286.35696,146.77684,40.74197,248.08777,145.1867,-22.292421,292.94028,183.62471,-8.557372,239.90225,195.5487,-42.780968,298.7145,156.89006,-120.14773,254.49843,178.16275,-62.959915,300.01132,147.40724,-141.91647,261.03882,171.09166,-71.41144,303.32947,143.30421,-136.74307,260.82126,165.18109,-73.062004,299.98218,147.15762,-122.33075,260.12408,165.85794,-62.841145,276.3876,233.82251,22.8479,259.25116,235.98796,-22.780165,282.92984,298.69827,14.862421,259.11703,305.07208,-23.695932,277.6832,356.47333,88.06509,259.27115,360.23776,34.67849,270.83597,357.42365,91.77027,252.60464,370.38208,37.368046,287.92764,376.6891,34.687084,271.84576,384.5435,-30.847528
image_033.jpg,288.79013,94.21849,-99.55864,290.75027,87.72493,-86.35233,292.40015,88.35016,-86.40846,294.05447,89.19578,-86.471535,284.6908,86.2319,-95.16972,282.06622,85.924866,-95.17921,279.30734,85.733505,-95.22519,293.11044,92.5028,-7.816927,272.11877,88.10372,-47.0336,291.12286,102.48507,-69.22731,282.67368,100.19792,-80.55912,294.78165,134.05014,55.300156,251.90428,126.57367,-45.1563,299.0096,179.61865,22.04216,241.4586,180.39714,-99.65878,314.38202,152.03494,-77.419365,261.39606,155.26793,-137.58058,318.4746,144.86008,-96.25991,270.35568,148.53056,-149.2879,322.05154,139.65262,-95.59474,268.93213,142.44371,-150.98622,317.84753,142.58409,-81.367516,268.22125,146.2738,-138.11705,278.23978,229.6837,34.057777,259.48077,231.90662,-33.91549,284.4666,307.76044,12.837383,256.85303,313.55487,-37.804066,277.677,367.54346,89.15519,250.25113,372.03278,34.146496,272.92307,376.52957,92.073364,244.56708,379.73947,37.985237,288.83118,389.87466,23.344036,267.68094,398.14023,-43.83171
image_034.jpg,175.99539,147.14098,-135.46675,183.40454,137.48097,-153.38809,186.47449,137.43353,-153.44446,190.29085,137.61661,-153.5842,179.2018,137.4675,-130.84592,178.9783,137.34438,-130.77783,178.81345,137.3459,-130.84375,211.96603,143.49277,-173.35701,196.83856,140.96825,-72.71738,182.31494,157.46082,-137.25116,177.67786,155.81186,-108.265274,238.71199,208.1847,-169.81247,178.31284,189.43301,-7.1040916,187.8943,262.60928,-193.33524,139.4737,227.59015,-4.7657313,165.2542,192.08406,-145.7805,134.80466,182.56262,-63.30543,164.26164,179.74281,-153.57869,125.9644,179.47026,-72.173996,173.59732,176.00948,-146.59021,132.75941,178.36809,-64.677635,174.91306,180.33351,-140.0031,137.10794,180.29506,-63.806034,206.4676,335.62564,-37.052055,169.61252,324.75055,37.209087,196.47632,429.4337,38.21225,173.01813,421.80768,110.74076,201.4843,505.55173,160.72769,174.69897,503.2878,227.26382,204.91669,516.92084,171.46458,179.60327,516.20575,238.74046,188.69398,531.5653,122.231926,155.41057,528.85925,194.08691
image_035.jpg,294.58224,90.449524,-71.453476,296.1518,83.64893,-60.325886,297.39087,84.06426,-60.378185,298.77347,84.689964,-60.434647,291.17105,82.3574,-70.7191,288.72186,81.820724,-70.726875,286.12506,81.37354,-70.760155,296.41333,87.1633,9.277661,277.25,82.54786,-37.381573,295.70078,97.9003,-43.975216,287.9098,96.001335,-57.426228,297.60315,126.675934,67.353355,253.06235,122.01513,-35.252323,304.3702,174.38655,35.04146,244.11118,178.10028,-59.47256,317.92075,147.58324,-62.285923,263.0814,151.117,-57.75907,321.71518,139.46994,-80.96785,274.3899,144.39145,-63.083546,325.2366,133.93336,-78.49356,270.34167,138.75853,-67.172195,320.72662,137.2477,-65.65418,269.1918,142.20625,-58.044006,283.94025,226.10513,33.812786,264.47122,228.43085,-33.63688,292.6513,303.2608,23.029884,263.04095,312.1422,-39.339275,288.48004,366.30878,85.63353,256.46658,375.09393,12.9904,283.62326,376.3886,87.69005,250.26202,384.26947,15.005747,303.83618,386.92166,27.777624,274.7361,399.51877,-62.186737
image_036.jpg,295.33038,89.45794,-74.37495,296.29144,82.12038,-62.043663,297.6938,82.53757,-62.099556,299.1669,83.17252,-62.158684,290.55746,81.04268,-73.43999,287.632,80.716576,-73.43467,284.594,80.59129,-73.45519,297.11063,86.61483,8.610429,276.38873,82.964745,-41.94171,296.76138,97.33324,-46.948032,288.9033,95.49496,-61.48788,298.72406,128.826,59.109726,253.3067,127.24505,-43.25253,308.23193,179.02292,14.780219,247.06042,183.18962,-58.680805,319.39737,150.10709,-90.111145,288.4632,150.23126,-26.138897,322.87274,139.90205,-111.08852,299.8214,141.87178,-28.540894,327.1111,135.60982,-107.56415,282.9738,135.08885,-29.96522,322.55646,139.09622,-93.47255,276.04932,140.65828,-24.77959,285.74686,228.73608,33.239166,267.44058,231.9546,-33.041508,293.6361,307.9882,25.353828,268.0932,315.4474,-30.56398,287.49036,368.6009,99.07483,263.3607,377.4686,34.532578,282.89584,378.33093,102.37891,257.68457,386.6406,37.568897,302.40588,389.30795,40.12599,282.76685,401.93665,-39.541412
image_037.jpg,296.2888,96.73095,-55.495697,296.30927,87.131065,-43.251114,297.72913,87.63855,-43.31341,299.7721,88.666435,-43.383015,290.42535,86.51134,-53.65737,287.64996,86.55233,-53.682545,283.91098,86.58525,-53.717182,297.18417,93.87273,22.31291,275.85458,90.02458,-24.838308,297.4596,105.276596,-30.45411,289.5367,103.86864,-44.102932,299.97772,135.71388,63.601406,250.52405,133.57161,-34.47045,301.28363,180.66911,53.29486,243.34027,190.02771,-89.235,306.55762,161.79411,9.385035,262.21487,163.8369,-122.0329,307.1392,160.41302,-1.0167193,266.07083,160.84373,-134.28172,307.72223,155.81883,-0.3361777,263.4682,153.01505,-136.45099,305.98068,156.94641,7.442135,263.7521,154.4806,-123.17508,279.23053,247.40613,35.535976,260.20636,249.47955,-35.487732,283.60773,327.17593,17.285677,260.7218,336.06674,-42.96161,279.27255,389.0119,100.935936,248.04915,394.97458,26.204895,273.95142,397.63092,105.36835,241.98264,402.73407,30.389488,294.135,412.03897,49.016815,262.8036,421.36276,-38.688347
image_038.jpg,289.8973,91.217606,-71.4747,292.98376,83.61111,-57.18991,295.22028,83.79925,-57.265476,297.34064,84.15955,-57.337986,284.6749,83.87827,-62.57891,281.31747,84.219734,-62.61044,278.066,84.62414,-62.647003,295.0936,88.0958,13.053366,271.51355,88.867805,-11.005671,292.2437,100.529976,-45.86064,282.5578,100.0977,-52.82675,301.58884,135.6028,40.717293,250.4357,134.5486,-18.160488,323.0311,140.45235,37.781757,242.15254,176.03624,-129.15057,323.92938,155.87881,26.528908,266.70346,145.39342,-232.08832,326.39856,156.89592,18.8133,274.4505,140.93716,-253.94077,320.0205,154.29373,16.2214,274.68387,141.80687,-252.63788,319.23315,161.38887,24.924809,273.6276,140.84874,-233.77861,278.4376,247.89127,26.167429,254.63605,246.89174,-26.136377,283.2764,327.6729,-7.965805,259.97256,337.59552,-44.332474,275.85696,385.49872,76.62106,248.91257,395.062,12.776866,269.4255,393.74344,81.4113,243.28265,401.70984,16.101267,290.5861,409.62866,27.78239,262.87714,424.50186,-50.83526
image_039.jpg,235.84456,76.125114,-107.65913,239.21143,69.72941,-104.76151,241.35896,69.403175,-104.79223,243.41747,69.14037,-104.79555,233.98398,70.59661,-94.988884,232.59836,70.7374,-94.973305,231.49973,70.815926,-94.96589,249.05966,71.38138,-64.51571,233.82503,72.29353,-20.129025,240.612,81.018486,-91.330124,234.09698,82.06719,-78.75106,269.4869,106.65379,-58.279224,227.97218,109.15923,53.322906,275.03494,153.21889,-120.64399,221.91548,155.14801,17.059908,255.81168,132.06148,-213.31612,207.6568,137.26837,-130.3828,250.39198,127.30397,-235.36546,201.07268,132.54988,-152.4567,254.26758,120.1955,-231.37967,200.49872,128.60555,-159.65335,253.38472,122.946465,-212.73506,204.00946,130.03008,-138.09137,256.60504,190.6019,-38.140347,234.71938,191.15172,38.05898,257.9782,255.91385,-24.782408,235.81432,252.17966,54.46608,261.67712,317.18573,66.086006,241.28317,309.64624,140.82883,262.43253,323.61148,70.04265,247.53256,317.11823,145.11906,253.91115,340.50134,-10.721808,225.9346,332.13498,82.96987
image_040.jpg,246.8977,78.34227,-159.88832,252.24168,70.27185,-156.77997,255.64339,70.32151,-156.87877,258.93814,70.44101,-156.97964,246.21683,70.51186,-143.11293,244.96362,70.671745,-143.10321,243.62463,70.88001,-143.14029,266.6601,74.390625,-106.5031,247.47806,74.57961,-44.863705,253.40758,87.04399,-139.54868,245.24008,87.89868,-122.066216,293.17725,125.12252,-90.42255,240.9199,131.67311,49.863594,303.68835,199.7417,-166.09001,229.78311,193.51035,-16.65017,288.0363,157.75624,-268.34802,210.57605,158.14763,-219.18692,281.96072,145.92316,-291.63086,200.93718,148.05444,-243.09949,285.62228,138.47469,-284.93454,201.24776,141.22392,-245.29349,285.2453,141.10959,-266.17194,205.912,143.38303,-225.76558,275.40344,246.56055,-44.472946,251.63095,243.68062,44.464123,271.98236,328.8375,-60.96865,248.1343,322.16342,61.52719,286.539,394.31772,73.79557,253.60513,389.4458,177.15666,292.9757,403.0191,83.141655,259.5704,399.8102,185.53871,268.27725,419.43542,11.61012,238.82338,413.3226,117.690315
image_041.jpg,249.67294,81.40856,-161.71712,254.95197,72.844345,-158.8415,258.42337,72.82253,-158.93509,261.8279,72.848335,-159.05,248.0638,73.179855,-145.46437,246.55386,73.2949,-145.44931,245.01492,73.51319,-145.47626,269.1238,77.29486,-107.543045,248.07024,77.442795,-47.218662,256.67517,89.58418,-140.6351,248.0365,90.12571,-123.54777,293.65393,128.55614,-90.40198,241.57831,129.4668,51.703243,301.7092,204.1493,-145.43336,227.95757,189.49927,-2.8675728,285.81204,161.03156,-224.10435,204.00249,154.6907,-190.29633,280.41663,148.91124,-242.86531,191.99805,146.48347,-212.36742,284.69122,142.47362,-237.95712,191.65117,139.84637,-216.78009,284.18085,145.9904,-222.09969,197.39505,140.39726,-197.91805,272.48575,249.6644,-43.911346,252.3039,247.37679,43.938164,269.55435,338.15768,-48.83517,249.32465,330.9091,58.489353,281.27094,404.196,88.30362,259.47025,397.9248,161.13957,288.75003,412.63464,98.017914,265.95682,408.05032,168.3312,259.11462,429.2295,29.922632,245.81932,422.5031,102.21156
image_042.jpg,252.85109,77.82755,-158.81778,258.18085,70.28698,-156.83102,261.5336,70.3365,-156.91052,264.92972,70.500565,-157.01007,251.96886,70.48845,-142.48299,250.4993,70.63147,-142.4713,248.99997,70.87988,-142.50212,272.81607,73.928825,-110.53692,253.14311,74.11554,-46.017178,259.23456,86.11716,-139.66429,251.16385,86.875916,-121.26859,294.81516,121.86751,-96.17577,249.28914,128.32062,46.773933,303.95154,199.71265,-161.65546,235.62766,185.82053,-14.139452,294.68497,156.72963,-248.36987,211.71771,149.47302,-198.46808,288.93338,146.01529,-268.20593,200.71243,140.4561,-218.77818,292.2997,137.44829,-261.88553,203.07973,133.04202,-219.99469,286.3422,143.42859,-246.2998,208.48346,134.91858,-204.2675,275.1501,243.47855,-45.05785,259.79068,239.96497,45.059597,269.88217,327.7447,-42.249218,257.5914,321.73517,62.842834,280.66183,390.29565,84.90126,271.67487,385.1423,168.01875,288.706,398.83243,94.14013,278.28568,394.8379,175.81526,261.15097,412.97986,34.04992,258.02298,408.3263,115.19539
image_043.jpg,237.00789,62.190395,-123.39314,243.59103,54.79549,-120.969055,247.04053,55.071674,-121.05377,250.47443,55.39266,-121.13133,236.61201,54.16262,-109.012146,235.25485,53.961807,-109.01023,233.97108,53.819683,-109.03762,258.14294,60.0448,-79.67799,237.13315,58.38297,-27.08587,242.66043,72.10467,-106.76062,234.88802,71.2147,-91.94156,276.43402,110.344505,-87.33954,224.59853,113.77939,60.331455,279.1824,183.01859,-133.86049,215.33124,176.66429,-10.026665,255.30745,141.25357,-193.3275,191.86743,138.89365,-198.37123,240.84013,128.69661,-209.91837,183.79886,130.88162,-220.47243,246.70143,122.6717,-203.66823,186.67448,123.77059,-220.24855,250.0775,124.53219,-190.0787,191.24759,125.340004,-203.85666,265.96222,233.18752,-46.99495,242.14397,232.06686,46.952858,261.65533,327.70132,-65.58471,239.12701,315.34705,63.846294,277.2472,399.7612,52.390625,254.54303,385.0278,164.50853,285.47952,408.22913,60.046898,261.18668,395.33743,171.27148,256.14795,428.27515,-8.590837,238.93256,409.59616,108.65073
image_044.jpg,294.48087,86.33091,-89.20594,296.21463,79.52985,-78.11002,297.81686,79.95029,-78.15956,299.3101,80.54328,-78.21678,289.96857,78.424286,-86.04445,286.84045,78.07989,-86.032616,283.6153,77.92296,-86.03539,297.91144,84.53908,-9.575044,276.49606,81.02097,-45.111267,296.32684,94.386246,-62.839794,288.357,93.173035,-73.00786,300.46945,127.393974,37.39473,253.26573,125.618866,-34.953827,306.21036,178.01178,3.7067912,247.80702,181.74994,-52.081043,314.8038,150.74701,-86.31716,268.84808,155.46376,-48.027824,317.03754,141.71756,-105.7525,283.20276,141.95412,-53.02689,323.24063,133.92838,-101.973206,276.35245,136.79485,-56.448433,317.67426,139.87823,-88.73497,271.61548,142.1252,-48.472843,286.80362,228.41753,28.951313,266.61404,232.20793,-28.79923,294.44824,305.2765,26.285034,265.9596,315.96393,-20.56752,290.68777,368.0365,111.89283,260.96054,375.09634,51.650196,285.79562,377.91025,116.74511,254.96259,383.64777,55.81115,306.92633,388.11984,55.867455,279.8186,400.17407,-19.545378
image_045.jpg,149.68433,159.5767,-103.99421,153.34137,155.37119,-100.22642,156.75409,154.71931,-100.21396,160.16905,154.07646,-100.21221,148.165,152.67422,-96.9096,145.43146,152.25334,-96.915596,143.85129,152.0038,-96.97513,166.24188,153.49562,-48.701878,133.71902,158.27417,-32.47199,155.57832,166.3578,-80.2841,147.78973,165.382,-75.85141,190.25351,172.83138,-43.98582,119.93043,186.20459,-9.374607,191.35052,196.80411,-167.86247,103.39263,216.79106,-149.30376,158.72337,176.79602,-285.43872,107.28757,186.15263,-304.9054,153.178,174.51985,-303.80197,105.355286,173.98756,-325.9658,149.11803,167.79883,-302.61765,105.45044,172.3078,-317.27313,150.3598,169.72624,-285.9787,110.32711,173.78368,-304.14578,188.80469,261.3617,-10.600823,148.29915,266.93262,10.573481,176.3942,219.14328,-104.555016,122.32017,230.08908,2.4758677,153.98595,205.45557,-234.03525,134.36516,220.30812,-103.08023,153.50395,212.46205,-244.47964,135.1843,228.48001,-110.18761,131.32037,169.85072,-280.50616,143.63799,182.82388,-140.6969
image_046.jpg,770.2554,173.47855,-521.41394,770.2188,140.25522,-538.34894,777.97656,137.63338,-538.3819,787.3852,134.9344,-538.71875,756.5718,143.15233,-507.89478,753.4387,142.89754,-508.08417,750.2154,142.85992,-508.31903,829.485,130.50775,-518.10925,779.9161,167.87573,-375.43146,799.36926,197.92728,-505.914,783.6937,200.68181,-463.8667,962.3071,258.449,-408.72504,775.72504,266.06454,-295.18002,1002.50793,405.9029,-569.1582,698.7207,405.84048,-411.65424,917.8811,328.33182,-789.78845,652.1926,343.47003,-685.098,906.8474,320.72867,-838.2596,621.33575,305.86014,-733.1583,903.7662,290.13858,-826.10785,631.85657,289.5869,-727.7081,907.2727,296.74484,-789.23315,646.1462,300.22327,-689.3585,956.4408,443.4366,-22.096237,853.0152,437.29672,22.3177,923.93036,409.16315,-76.018745,780.03754,375.66104,77.16524,838.01263,326.2496,273.55603,718.40857,355.2786,317.14203,829.05554,322.31863,314.89294,716.26294,365.2728,349.17892,787.2306,289.11758,317.95786,683.4039,321.9497,347.5337
image_047.jpg,184.87952,69.94806,-158.42969,192.69478,59.84236,-138.54152,197.2431,60.273724,-138.58176,200.91447,60.912243,-138.60132,179.23517,60.22691,-138.34811,175.04453,60.898323,-138.30846,170.92268,61.684437,-138.23209,206.23529,69.32793,-36.489204,167.12773,69.961395,-38.772263,193.91083,83.100655,-122.44422,176.68404,83.17237,-122.88222,244.76236,154.00635,9.750441,129.79001,149.58044,14.100055,259.8541,243.81567,-81.744736,106.73506,233.58562,-76.71175,278.03027,213.37045,-290.92633,92.96548,202.79483,-300.00244,283.37842,206.93333,-330.6929,88.856674,194.32303,-339.159,284.70026,184.75159,-331.70102,91.4182,171.9639,-343.2759,280.07016,189.1015,-295.88092,95.81122,176.17776,-307.6991,217.52623,313.5317,4.2876663,156.65462,312.33762,-4.329468,214.56372,437.023,11.574207,153.90591,434.07428,4.726578,210.06367,537.1366,187.86176,155.75917,538.1897,169.9852,199.71477,550.9782,198.92609,161.5402,551.50397,180.36292,228.94876,580.31287,91.985405,148.91895,582.8412,69.85895
image_049.jpg,216.16232,80.91013,-213.91623,224.294,73.643684,-232.69931,226.01198,74.595474,-232.73517,227.84453,75.663635,-232.88313,223.00357,72.07116,-203.82658,223.74745,71.86684,-203.8536,224.58673,71.69189,-203.90662,238.83237,84.78435,-262.93036,235.2224,79.80914,-136.56917,216.59029,93.97034,-220.912,214.90039,92.2936,-184.65178,250.4993,160.6007,-277.80643,227.08975,138.48888,-27.653717,225.4434,240.28694,-271.97937,204.98929,193.09528,36.296482,211.7233,160.55414,-196.28186,196.78178,150.66435,44.624767,206.78522,145.81972,-206.93027,190.67175,139.21681,55.876884,213.8418,139.19493,-196.84518,194.98428,134.8931,52.487885,215.58176,143.65837,-188.69356,194.83598,148.38109,43.267605,232.07553,279.26193,-78.292786,219.16821,258.03244,78.450226,212.95087,362.73157,-27.21021,210.85925,344.08548,179.81804,218.59943,413.47733,170.03032,209.35416,417.40735,335.81787,223.94229,419.96545,190.81972,213.73203,430.6463,352.2536,200.18318,430.5826,181.10626,181.43309,434.2505,337.51895
image_050.jpg,223.47128,94.24352,-197.70844,230.11295,84.447014,-213.41167,231.53969,84.73873,-213.40019,233.04668,85.05517,-213.48206,228.91652,83.10272,-189.60463,229.49669,82.50785,-189.64163,230.10101,81.946465,-189.62148,244.74486,88.06387,-230.80563,239.28485,83.98985,-124.04549,225.54909,104.011795,-199.32248,223.50253,102.19722,-168.64528,260.31155,151.40514,-228.37318,234.52835,114.1562,-37.330917,225.77992,223.2529,-209.85623,202.82774,173.72351,-79.82838,222.23654,159.0975,-131.9769,193.40257,146.4818,-229.00491,219.00867,143.54842,-141.43661,190.53043,135.34433,-241.69576,225.23761,137.25974,-136.43846,192.01285,129.5727,-250.24275,226.79854,141.61887,-126.80343,189.09013,134.6972,-236.06793,233.8738,235.90387,-62.358326,229.47177,214.65895,62.48218,206.11842,213.0416,-95.40846,250.67679,169.43692,150.72481,215.6294,174.47708,116.67219,209.75688,166.61015,277.20496,218.6799,172.79102,139.44238,203.19429,170.34879,291.93323,209.86896,150.1742,161.57205,188.24799,151.643,320.23663
image_051.jpg,181.75536,83.8957,-235.48943,188.88425,73.2251,-250.13145,190.84271,73.56992,-250.17706,193.07864,73.96876,-250.35864,187.27664,72.012115,-229.03665,187.99417,71.52857,-229.03773,188.8734,71.068665,-229.11827,207.07077,77.70864,-255.11012,201.38248,74.151474,-162.63374,185.85402,94.5005,-230.46677,183.85071,92.55583,-203.95099,218.56747,149.4887,-252.16464,196.1521,125.48132,-47.403877,192.91524,239.17184,-257.49176,165.86578,183.00153,82.2343,178.39812,146.00218,-200.35524,159.16646,137.31857,199.97731,174.93622,129.2093,-206.45015,158.1174,121.24126,223.11354,184.14595,123.73783,-196.69872,165.33743,119.39519,224.23062,185.46255,129.36462,-193.3196,168.48279,124.200554,203.14517,201.44656,271.13712,-64.12913,194.27222,259.11865,64.27557,192.29411,355.36066,53.48401,187.81479,345.2581,175.4505,203.54692,421.06433,196.54433,193.11128,418.6633,317.28287,211.93117,433.17636,211.28735,199.362,431.59137,332.83575,182.41257,434.69406,184.81227,164.75339,435.80386,312.95767
image_052.jpg,485.9392,547.00476,-630.8577,515.70306,509.97882,-587.4015,529.7161,511.41116,-587.36664,544.5784,513.71747,-587.29767,459.66788,511.39136,-586.00195,440.43677,513.3328,-586.0223,425.50888,515.37866,-586.3368,566.7099,535.52625,-276.39807,409.96475,535.36725,-265.33633,514.7882,592.93195,-515.3874,451.68732,595.60474,-512.33813,658.6771,783.38324,-108.2558,292.589,766.57996,-100.51503,732.83075,1098.5966,-493.17163,186.17447,1067.1672,-587.62897,751.4248,906.19055,-1130.2902,209.71414,851.8558,-1354.7449,754.74255,850.6001,-1234.78,221.36859,794.75525,-1461.314,747.0748,819.4047,-1169.4537,239.27739,757.531,-1411.4186,739.2597,830.86145,-1115.0479,243.80919,774.99756,-1350.4822,567.1732,1314.4427,-3.5444334,344.12714,1310.8676,6.476771,570.6612,1683.9353,-15.911467,358.9752,1692.7285,378.50836,569.393,2003.115,403.5492,369.57034,2003.9115,964.2866,569.653,2055.6213,427.49414,363.1669,2054.2246,1015.3864,551.1998,2123.1416,69.127205,398.16486,2121.649,662.4855
image_053.jpg,530.4789,581.68365,-643.2553,560.1057,547.2274,-605.2603,575.3444,547.8239,-605.1597,587.3776,548.6185,-605.0729,506.7184,546.8756,-597.3819,489.33243,547.57,-597.23944,474.94846,549.3539,-597.5448,609.9932,566.10236,-300.55594,461.0838,569.553,-260.3739,560.69025,623.9311,-529.97003,500.51584,626.04565,-518.52386,707.3153,803.0142,-148.1182,347.40424,787.4403,-58.176605,772.3357,1111.7095,-524.57715,236.97333,1088.3074,-564.66724,789.9374,935.4987,-1123.5284,255.16536,865.95966,-1387.4204,796.506,888.3009,-1229.9415,265.69464,810.5982,-1503.4263,788.6919,856.375,-1163.3008,281.25287,777.99146,-1454.3323,779.1636,864.9578,-1107.4955,284.633,798.82056,-1387.3232,626.63306,1330.0522,-30.93455,402.82327,1329.5519,33.722023,624.40845,1702.2017,17.844265,405.09708,1709.4099,386.40918,625.2071,2033.976,433.59354,418.15903,2035.7216,898.65436,628.5649,2082.434,456.8336,413.4892,2084.9963,942.9798,600.98883,2155.0115,81.83902,441.77298,2149.642,572.8762
image_054.jpg,532.99384,601.06085,-621.1973,563.18207,567.3736,-582.6909,578.167,568.6778,-582.5275,591.1441,569.71075,-582.3948,509.24426,566.2644,-576.4539,491.68466,566.8591,-576.4031,478.78632,568.39215,-576.6304,614.60266,587.9203,-285.45944,463.73654,588.29,-250.6381,563.0066,645.2297,-510.173,501.75967,645.7125,-500.34122,703.70605,818.89575,-133.73116,353.47482,806.94,-59.671486,779.69507,1125.3326,-503.0342,247.56174,1104.2257,-522.98987,795.7369,943.3439,-1099.1555,264.3464,887.5956,-1316.6057,801.09436,896.7522,-1202.1042,269.01846,830.9029,-1427.8809,793.83344,857.77264,-1139.6044,287.74274,796.9474,-1384.284,784.7525,869.30945,-1084.0673,291.38324,815.3206,-1317.7483,625.1933,1330.1587,-25.956228,405.30167,1331.0708,29.093882,640.4829,1695.0023,1.9060636,421.2422,1706.016,366.27734,641.95276,2015.4486,409.42822,437.2266,2018.7723,854.2558,646.28265,2063.1025,433.05606,433.09152,2066.9028,895.97534,620.4244,2131.7493,79.62001,461.53317,2128.6218,543.64923
image_055.jpg,649.52234,462.39053,-330.97705,630.2897,422.47302,-314.1598,627.0503,419.16602,-314.51462,623.4936,415.6989,-315.07977,619.5284,426.6348,-401.6421,608.9869,426.37823,-401.52438,597.364,425.8267,-401.39767,561.5664,422.96036,-167.77159,539.1955,436.2014,-555.4647,634.5483,495.32913,-261.17908,621.0031,499.92496,-372.48434,476.66202,615.73285,91.51978,464.0814,670.92377,-587.4002,588.46204,838.5852,390.95047,581.50476,966.80286,-510.81012,689.4665,730.6198,476.96634,695.08435,786.56866,-221.47067,712.8904,685.3007,491.79123,751.8108,758.24963,-249.86855,722.3632,668.99426,471.09732,736.81976,723.0594,-242.37856,696.0687,684.4281,467.11893,716.51404,729.5542,-212.99309,460.0711,1117.6115,183.81728,444.97867,1157.4858,-182.5521,482.5911,1421.3176,473.40088,489.74643,1476.0624,70.32707,486.10913,1676.7592,818.69824,446.41098,1742.154,401.20737,460.10583,1720.6986,845.7054,411.37607,1783.8374,432.97476,596.3946,1725.263,751.5936,544.24365,1807.1273,288.37198
image_056.jpg,630.15826,506.40097,-316.58914,590.07416,466.25235,-309.84064,585.72174,464.79843,-310.28485,580.99994,463.41544,-310.6674,590.6774,470.82346,-385.82867,586.6526,472.2925,-385.85526,581.96643,473.8261,-385.85574,534.04517,491.35156,-241.53035,540.4563,502.01532,-573.87427,626.6903,542.3246,-275.50812,624.01184,546.51154,-371.04327,426.76318,695.34576,-2.1401465,570.1741,779.6873,-681.97986,474.64127,979.7146,314.02252,661.9936,1121.166,-478.2841,607.2843,1057.2968,515.32495,789.11957,1140.2957,-191.1017,623.99384,1066.4647,535.7141,817.2707,1152.3925,-245.71576,637.457,1051.0242,472.22684,812.6266,1100.7018,-245.31055,631.4072,1054.4813,492.36456,796.40906,1098.8777,-188.61342,446.42853,1232.6941,193.6633,525.90643,1270.5227,-192.81383,470.15045,1555.3301,470.24207,588.95734,1549.2792,173.21121,495.86166,1831.0819,867.9479,568.6968,1812.6322,600.88495,471.4982,1885.1764,904.2324,534.01746,1864.0414,645.9898,619.0248,1854.6357,861.37354,696.10547,1842.5406,601.10986
image_057.jpg,585.2719,577.17,-171.64107,555.5078,540.43884,-221.76508,545.02496,540.79834,-222.11127,552.473,543.2972,-222.60101,574.8651,544.0178,-258.2824,577.8318,546.1503,-258.14972,580.37476,548.2678,-258.27393,504.61542,571.8341,-340.45822,559.8516,576.0882,-500.98987,569.93195,623.82385,-195.09467,583.8191,621.5845,-241.4013,370.5376,785.7866,-163.43228,595.9298,805.3988,-564.9266,556.4314,1005.5424,60.365486,722.15686,1055.8275,-384.86136,656.3962,906.5965,191.39513,807.0519,971.6032,-196.3844,653.5975,860.5848,195.77051,835.49347,959.1211,-237.16148,699.6494,837.6394,187.63167,802.23004,899.8817,-231.74564,689.4247,857.8626,190.47125,785.6753,926.9343,-194.08853,434.91946,1226.0963,119.04387,508.43823,1250.6475,-117.77061,512.33514,1383.8326,607.414,535.7599,1475.7012,321.56873,488.88528,1582.8014,1176.3082,511.81924,1684.4103,830.36084,474.7942,1615.0795,1235.0615,488.7423,1716.619,883.3247,539.8724,1613.6237,1215.2257,593.8527,1729.7688,800.1087
image_058.jpg,394.04123,588.86914,-195.24605,407.81033,552.6114,-258.25842,414.9554,550.7058,-258.4284,423.6882,548.442,-258.95636,399.0148,553.70355,-171.92943,399.38824,552.6637,-171.61302,400.13547,551.17896,-171.68315,476.1254,553.4458,-404.04666,451.42368,553.54596,-17.812943,416.89777,621.5135,-238.91513,404.7783,621.3709,-126.73687,553.4727,731.50256,-521.47595,504.88165,731.88245,222.69911,488.4551,998.8352,-361.49423,402.94794,939.6807,148.42769,331.28015,901.51575,45.36333,330.5079,908.92206,-186.29274,273.16895,881.06006,44.77787,305.7427,880.2623,-223.12813,294.4599,828.0096,55.96478,288.9338,826.8585,-233.72755,315.693,832.84235,67.0805,318.3368,849.7819,-206.25978,560.5289,1152.9426,-190.98677,517.29376,1117.6356,191.7908,416.94928,1355.2496,-135.16899,399.17035,1341.1562,362.414,427.9497,1587.191,219.34622,427.82498,1585.1417,555.3587,463.8958,1636.9099,252.60693,460.42926,1629.0437,573.6492,311.4667,1614.1724,207.51437,325.53967,1645.5514,533.9846
image_059.jpg,437.46912,605.1328,-368.08438,454.76364,573.33777,-421.2614,462.9467,572.42175,-421.4456,473.18268,571.39557,-421.87955,442.5636,574.43646,-344.29214,441.67688,574.187,-344.07425,440.9634,573.6823,-344.12552,525.555,585.19916,-496.30972,486.25262,585.3193,-153.5532,461.01715,638.64966,-385.048,444.49713,637.5778,-285.77917,628.95026,772.21136,-564.119,499.33444,773.0295,114.60501,569.32983,1033.9957,-400.04297,435.8835,965.2229,-38.513454,405.97827,917.74915,13.665706,341.03644,888.6117,-490.60837,350.31046,896.91815,26.507483,319.62222,870.8404,-533.5541,365.88428,853.7111,44.34632,325.56186,833.37225,-527.7943,385.9591,857.82056,41.87012,342.72977,838.3843,-506.04056,609.2902,1188.7941,-159.44843,523.5076,1164.235,159.77057,573.08185,1449.2588,-125.62219,504.3116,1365.0535,372.9577,596.6995,1603.6104,347.27783,517.9458,1565.377,688.28326,618.8554,1625.3124,394.3255,538.5866,1602.154,723.37726,538.13855,1673.0594,362.77448,425.70636,1642.0946,719.9316
image_060.jpg,519.85156,528.4905,-381.84015,542.9581,491.685,-422.13443,555.75977,490.9647,-422.30298,571.30884,489.9582,-422.52722,523.09155,491.5754,-351.87112,518.8078,491.34634,-351.81653,514.56274,490.9999,-352.25983,623.3228,509.2475,-443.307,548.785,510.66742,-122.000046,543.66833,567.7624,-380.80865,520.4654,569.0523,-287.70526,752.7559,733.82465,-373.61786,506.38672,730.0551,80.70781,789.9532,1045.3083,-390.56802,417.99277,962.88666,-37.01538,631.3432,875.4722,-337.1514,357.10968,819.8492,-541.83527,587.81934,824.6961,-349.59058,331.77835,776.6591,-580.7138,597.4882,797.1234,-297.55502,341.10364,749.71075,-577.74426,607.48425,806.68024,-300.66418,356.3969,764.9816,-555.16315,687.4878,1237.7614,-96.57874,537.05396,1228.2229,97.858925,680.31964,1550.185,-52.389534,501.35217,1480.3687,358.45535,654.0855,1807.7874,233.56984,526.7117,1811.8844,678.1123,658.9998,1841.0265,247.95483,542.8889,1860.8848,705.1325,611.97565,1916.7903,30.263062,464.63025,1894.1906,526.52686
image_061.jpg,516.58905,579.49054,-530.1161,510.11935,545.4283,-475.4318,514.3709,545.5151,-475.5878,517.9108,545.56506,-475.79102,488.1171,544.1049,-535.80566,473.84464,543.23285,-535.9139,458.33606,542.9571,-536.13983,483.37344,558.26074,-161.74934,402.05215,560.8904,-432.66965,514.2559,619.9741,-408.73685,487.51782,621.5623,-486.41895,530.23083,796.8958,60.851078,276.5586,768.5407,-407.19952,617.8617,1027.9962,5.911209,258.54898,1068.5382,-821.1691,681.3311,879.8222,-323.0224,409.76147,838.5199,-1170.7542,709.41174,844.4317,-384.60855,438.93674,779.98956,-1241.3082,699.5179,816.93787,-354.4269,433.6745,754.4219,-1203.6113,685.93463,828.2829,-319.20355,428.47208,773.8375,-1158.1912,493.09747,1265.7377,83.08698,328.2517,1283.1082,-81.57418,499.395,1579.113,152.73488,343.33783,1586.5542,289.6045,477.13327,1822.688,718.60583,338.1982,1828.408,1004.1875,461.3571,1854.3419,765.71014,331.46793,1861.0651,1073.0166,510.05078,1925.8219,526.05975,361.2208,1933.412,803.0193
image_062.jpg,418.80725,676.2874,-458.4813,449.00632,643.1958,-506.1458,463.97235,642.99365,-506.04816,481.0068,643.23663,-506.13025,426.28302,639.7704,-427.84796,423.40164,637.62695,-427.64194,421.13675,635.7049,-427.966,528.8063,663.08,-517.3742,451.68442,651.60126,-151.35152,442.9455,716.89685,-450.57544,417.20346,714.4969,-345.22537,642.28064,886.1321,-464.6305,374.65952,845.92725,95.786835,636.7198,1201.3241,-563.2046,273.00922,1080.2145,-144.1789,505.36255,1044.7734,-596.48206,226.98903,946.0053,-848.4758,472.26974,1004.73956,-634.0893,209.7231,897.9078,-915.262,482.44955,970.8106,-572.64166,216.72173,870.32465,-911.9942,489.70215,979.52374,-559.25214,226.75598,887.61346,-868.5232,516.5417,1367.1748,-142.54596,338.9413,1340.6323,144.9019,505.0378,1678.6193,-154.62599,344.4752,1651.0535,589.4314,494.48022,1977.064,198.998,335.7563,1952.8921,1137.3607,505.2623,2024.625,216.99234,338.34247,2007.9381,1185.2133,439.937,2066.3633,-110.175476,288.72653,2027.7233,919.5283
image_063.jpg,575.22565,655.037,-258.29834,596.6476,622.9907,-329.0272,601.13696,623.52246,-329.30008,605.5835,624.22015,-329.79965,597.10095,621.59015,-253.05353,601.80237,621.2592,-253.00714,606.6137,620.95,-253.29495,650.27734,640.4223,-490.33954,652.46857,634.04846,-153.57733,591.4406,687.86786,-303.11002,592.8783,686.8169,-204.99657,670.623,837.21075,-590.0661,710.1219,797.7864,72.0559,522.61774,1095.2294,-396.2082,599.5717,991.62885,137.56744,450.2638,993.4821,101.1569,448.08716,950.23895,53.671936,425.4254,959.71826,110.84214,419.94476,922.73,48.42297,443.80762,900.80035,114.76381,425.9905,887.4382,37.102974,460.476,908.7798,120.173225,445.64157,904.19055,39.650707,656.6273,1269.8794,-158.83853,673.9938,1254.8341,159.35141,615.86597,1408.1245,270.74435,596.81934,1417.274,575.8926,632.0384,1568.5287,811.3004,610.34515,1578.9865,1021.1291,661.5694,1605.5614,867.47363,631.7664,1614.3622,1068.8491,530.626,1571.7034,880.9903,521.24695,1593.6273,1092.1246
image_064.jpg,666.71344,589.80334,-624.79565,688.5496,552.27277,-622.04175,706.64014,549.9961,-622.00665,721.3538,548.1264,-622.0965,645.5313,557.14667,-583.5113,634.1772,558.4083,-583.46533,626.7272,559.22906,-583.78534,751.0174,554.69244,-449.44528,626.09485,571.02625,-266.383,704.2311,626.5019,-553.72675,658.5611,634.75464,-500.8069,900.66675,751.0675,-327.53217,584.7984,792.2891,-47.98485,991.97815,1044.2761,-600.4995,562.0795,1054.3049,-381.54654,856.3897,888.5679,-936.8161,521.73517,896.4339,-1104.8649,820.12836,832.7169,-1003.08185,503.06805,836.32135,-1191.7305,820.1494,804.2972,-924.2579,506.97147,812.0523,-1168.0485,823.0602,818.6237,-902.02454,517.832,827.8087,-1115.2996,859.3513,1255.1642,-60.693317,650.38934,1253.0415,62.37786,857.88965,1578.9762,47.453697,673.643,1588.3282,503.08615,866.5586,1864.5458,468.87302,691.58575,1880.2856,1109.3999,871.8323,1908.1609,499.4827,697.8311,1929.5242,1165.9728,843.81305,1977.9788,176.8614,691.72284,1983.2299,864.7741
image_065.jpg,662.3643,586.4365,-275.89618,640.52783,546.4794,-258.6414,637.05225,545.26447,-258.8638,632.6122,543.9154,-259.37573,634.28296,548.57336,-333.98306,626.30676,549.09766,-333.89767,617.5019,549.62506,-333.91608,573.3448,556.61945,-125.74192,566.8581,564.12994,-461.34354,647.85565,620.7093,-211.7388,639.07416,624.5323,-308.0896,470.78754,741.99927,136.86252,537.3016,783.402,-550.4782,570.7476,915.2793,413.3024,609.224,1132.6556,-421.80353,665.1051,841.0055,713.981,676.0348,1237.5289,-95.01091,676.2524,805.27924,758.66046,676.57434,1261.5093,-110.11978,689.49445,794.6848,762.3654,678.72186,1236.6106,-118.04098,683.35254,816.72614,718.8,674.98444,1228.1615,-92.59551,435.5162,1214.263,199.81116,526.48737,1257.5842,-199.79767,460.60327,1481.9899,495.47098,671.2683,1458.7273,199.29924,450.53265,1709.4191,832.5675,553.40985,1619.8276,664.2308,422.93253,1755.2175,864.1499,509.7246,1650.3904,713.18365,550.66064,1727.4059,866.66644,620.58203,1627.9308,739.6728
image_066.jpg,697.1622,493.91574,-174.2883,672.52734,461.157,-166.03711,669.07996,460.69934,-166.39464,665.2684,460.15924,-166.71266,671.6918,461.783,-239.16328,667.8038,461.96738,-238.9437,663.38,462.2374,-238.79907,626.1585,476.3122,-84.08777,627.27856,482.51077,-406.51337,689.243,526.0942,-126.39444,685.74115,528.95825,-218.69624,507.4355,646.53674,126.36672,651.50385,671.85675,-511.59552,510.54697,886.943,331.39523,740.29456,955.6552,-345.92465,613.7129,974.39044,299.51968,828.14197,795.3257,75.38696,629.8566,995.44495,289.86182,860.4559,743.4074,65.00689,638.79004,981.09906,249.23055,840.9095,711.3233,60.772594,631.4829,978.608,278.09747,821.1658,730.2192,83.95586,516.4136,1096.1981,196.96307,596.9394,1131.5236,-196.57573,536.8925,1377.8939,493.44598,671.3445,1414.2888,112.95507,563.1719,1636.8923,856.0168,635.3526,1692.2294,467.64432,539.5979,1690.0001,887.0104,595.98254,1750.4756,506.53024,675.24567,1649.0038,853.567,751.1829,1708.9343,441.35666
image_067.jpg,613.2913,551.93567,-390.65674,600.04474,527.87964,-360.0028,599.4468,526.7516,-360.16956,598.3224,525.5513,-360.54065,591.0762,531.51733,-429.84964,582.9808,533.0167,-429.75247,573.8274,534.5221,-429.8103,558.6995,535.07275,-178.83186,534.32043,548.0936,-490.97098,614.1074,579.29803,-315.4711,600.96796,581.453,-405.7272,548.8273,681.7305,74.44971,492.8861,701.29645,-568.51733,636.6127,837.44696,146.11894,555.4741,926.99445,-484.70435,699.62115,744.16266,64.20321,650.47205,986.09015,-235.44748,704.69305,705.5324,44.17623,670.11707,1012.1601,-248.23926,703.549,688.1046,58.45026,673.6828,990.16656,-264.5102,691.5394,701.68945,60.100887,664.69305,980.247,-233.54028,550.47046,998.64777,166.22878,502.11276,1018.0828,-166.1098,653.1549,1221.5226,194.79228,593.97327,1253.9357,-61.880974,641.1999,1404.1011,513.36615,612.5394,1446.6105,272.76477,619.75964,1428.3567,538.5782,593.7631,1475.381,302.88705,708.6103,1471.1388,431.61508,696.217,1514.3833,166.35986
image_068.jpg,445.81796,674.0953,-252.868,457.242,643.8964,-267.2242,469.74664,639.57324,-267.38773,483.20245,635.135,-267.6716,437.6369,652.30054,-218.99896,432.71225,654.9882,-218.79738,428.35275,657.9584,-219.08562,519.1507,643.5995,-238.76057,444.0663,669.46375,-19.190937,477.5626,696.92755,-236.72832,449.73978,704.1283,-173.31598,655.5928,786.62103,-204.72424,438.61026,852.2197,125.17616,709.5153,1019.5418,-402.0987,396.60077,1049.0498,-32.366646,552.3703,867.8734,-596.45874,329.59058,928.9443,-469.632,514.70996,833.6029,-629.21484,310.68182,895.6991,-514.11163,517.26276,810.1372,-585.22546,313.329,871.26843,-488.35303,527.7679,820.10345,-573.995,323.88596,884.02856,-472.0846,655.6732,1174.3942,-52.246346,514.63196,1183.431,52.769703,668.0216,1430.1177,-62.98923,488.95444,1447.1287,174.81915,684.21405,1689.0872,162.98074,528.02075,1678.169,440.71732,685.50775,1722.2635,177.42532,547.7026,1711.6781,464.45337,680.39575,1781.172,10.194536,492.92758,1768.7941,318.19586
image_069.jpg,414.78885,413.1801,-137.74496,418.9686,379.84866,-201.91498,423.29947,377.83636,-202.04712,428.24734,375.54587,-202.3432,416.9577,379.52472,-139.21922,419.85367,377.29794,-139.0912,423.46692,374.5284,-139.1124,481.84387,372.221,-366.52405,477.73297,368.14542,-92.30162,438.61597,442.9927,-183.95834,433.50165,442.87756,-103.120834,531.81976,532.92737,-413.86935,625.64905,484.05005,72.552414,504.85565,807.78076,-336.39804,660.9332,691.77496,292.38318,337.46155,770.28455,-140.80595,579.03253,660.0746,511.83243,312.2681,756.91174,-156.99,576.01855,631.17596,534.47235,315.3907,711.47595,-142.80362,552.78937,620.3293,516.5023,333.20886,726.0371,-126.197014,553.56903,636.38495,506.02585,562.9228,936.5335,-153.05496,614.55414,914.2892,153.49464,488.45218,1233.0815,14.408097,540.4939,1194.5524,347.63226,527.00525,1511.342,189.98082,571.13043,1452.08,523.8581,567.24927,1570.7008,207.48828,601.75854,1453.4462,538.6254,433.6492,1525.8917,178.46928,486.11282,1486.9451,509.79047
image_070.jpg,537.0866,424.25406,-729.22076,542.5659,389.8591,-676.1374,550.3018,390.78458,-676.2504,557.3562,391.3909,-676.17114,513.24426,387.10306,-718.73596,496.00763,385.12003,-718.8393,476.1106,382.77222,-719.0183,536.13074,405.08618,-354.57022,424.98273,395.0826,-553.1433,539.2349,470.73334,-606.1388,504.62186,463.50256,-662.05273,558.2935,641.664,-47.18372,267.15237,618.646,-450.74393,573.4233,906.98535,-63.345375,182.17831,933.4215,-625.34216,661.0424,838.29785,-574.95526,353.60556,815.9968,-956.3265,711.1101,822.4172,-665.13464,416.43097,777.41284,-1022.5742,706.60297,778.7041,-664.49915,414.4743,731.5437,-1009.05176,684.535,782.4439,-585.71497,406.24078,738.89386,-946.0233,441.00204,1112.8865,120.60452,280.21634,1122.7289,-119.759544,411.57248,1383.0349,501.4483,247.10489,1452.2153,40.218918,323.35092,1588.337,1171.9946,202.35437,1662.9039,438.34937,295.07104,1620.9916,1229.2948,173.4937,1688.8496,471.57004,390.7243,1686.9252,1073.5104,278.32385,1796.9906,187.5178
image_071.jpg,639.0713,619.74176,-568.29724,633.5714,583.3462,-513.514,637.12463,583.39154,-513.6048,640.1174,583.2791,-513.7884,608.06995,581.50836,-583.4525,593.259,580.1863,-583.4903,575.332,578.62,-583.56854,594.68884,592.7261,-209.19073,517.18365,591.02673,-520.2436,633.3638,653.8865,-449.05038,604.75586,652.08594,-537.9208,583.5498,801.91846,102.96099,383.48154,800.48444,-509.34836,649.9295,1042.5444,61.56938,374.01013,1089.541,-532.7492,713.39557,952.75995,-357.68515,555.48315,961.12646,-389.96716,744.94495,936.7794,-421.69086,612.24347,935.0016,-400.59595,740.25323,905.92664,-391.97128,605.0052,891.40814,-379.7667,715.62445,906.484,-359.4081,596.2802,893.68866,-366.16132,490.03702,1237.1234,155.63559,353.4293,1237.2806,-154.5209,476.7056,1530.6791,283.91165,371.728,1550.0645,68.733635,419.69604,1718.9812,800.59717,305.64417,1749.4043,651.014,394.65738,1744.769,842.17035,276.2533,1773.1713,704.9966,468.26004,1813.5532,684.2643,345.04416,1859.5621,493.4071
image_072.jpg,579.0637,441.5371,-829.24225,602.3463,390.57816,-760.9654,619.1311,388.7339,-760.99023,635.1687,387.27176,-761.0118,534.7947,399.94165,-781.7508,510.11288,403.96243,-781.79083,491.76727,408.58548,-782.09814,656.95874,408.34814,-365.22443,466.77127,440.98846,-456.06482,616.6257,495.74973,-685.6372,539.5915,505.18192,-712.2097,826.51575,692.38293,-152.5473,372.48898,757.5232,-277.03015,902.22095,1037.9926,-524.5224,415.69388,1181.6852,-806.3522,968.74274,835.1771,-1282.6234,400.9483,867.38196,-1633.9543,984.13025,756.3331,-1395.1796,408.79337,784.53937,-1739.4237,967.7002,712.42664,-1313.6073,399.3176,745.0695,-1668.1688,959.7197,734.9314,-1263.0009,403.6752,761.42126,-1616.5541,818.39404,1301.2743,30.451138,539.17865,1340.1724,-26.475214,850.91785,1730.924,-215.90875,589.76434,1767.526,209.17151,858.63385,2070.7727,660.40875,610.44745,2107.689,1091.0017,862.212,2125.3508,726.37976,601.42017,2168.1514,1164.0399,852.2885,2234.2083,345.59558,665.04047,2254.5947,734.32416
image_073.jpg,591.0475,467.9336,-815.18677,614.8632,413.46277,-753.21185,632.5917,411.1373,-753.15686,649.80505,408.98447,-752.9642,543.49774,422.1079,-763.883,516.9537,425.93686,-763.8715,498.27124,431.169,-764.1084,673.91315,431.849,-371.8268,468.28635,468.51163,-411.80353,630.79926,525.2307,-676.58154,546.67847,534.09375,-688.31323,835.08997,718.80023,-129.00089,392.47467,777.24786,-242.44452,915.0957,1096.2719,-483.74365,433.56808,1209.959,-738.14404,986.08875,857.5091,-1153.2035,398.16968,899.1659,-1527.8394,1001.899,793.653,-1251.5227,392.38947,814.0842,-1619.1154,981.81146,738.1158,-1164.4948,386.29385,772.95465,-1571.6853,972.39545,757.3178,-1128.4106,395.39438,790.79675,-1522.777,800.60254,1363.1874,35.897427,541.7579,1390.1045,-31.82762,841.61804,1805.2122,28.150072,573.43256,1842.4614,295.54108,850.3343,2163.1375,844.1851,589.5458,2206.232,1063.4327,858.4935,2217.9802,902.4067,581.6105,2267.1956,1125.8265,834.12036,2317.59,510.3176,632.7227,2351.8452,677.50464
image_074.jpg,589.3522,443.94843,-790.87854,622.63434,395.85037,-737.755,642.0179,395.6875,-737.7072,660.77576,396.18304,-737.4309,549.2346,400.67157,-752.7835,523.7571,404.68198,-752.72266,504.37653,408.64536,-753.092,684.6731,420.11417,-367.29922,480.529,441.6645,-425.68225,627.2311,506.87326,-654.63403,549.248,510.18683,-671.20447,834.9375,721.60986,-136.65915,391.70227,754.3646,-255.97011,905.8165,1123.2054,-459.24097,412.45587,1211.3699,-707.2878,978.2313,888.3658,-1168.422,383.213,845.52435,-1428.8535,989.4807,824.17316,-1274.0295,384.32312,761.885,-1508.305,977.94415,762.3045,-1215.4398,381.37006,719.85504,-1467.5168,971.0264,776.9943,-1157.9211,389.86008,742.3185,-1424.9823,802.3524,1378.4174,35.26554,520.8723,1399.958,-30.7958,840.45416,1832.0623,47.61734,565.6827,1872.6082,369.52808,846.5523,2234.7568,633.31116,583.5801,2269.3845,1031.4094,854.4672,2296.6074,666.2387,575.1752,2336.0037,1081.0844,824.1356,2391.471,240.24323,621.57275,2414.726,619.653
image_075.jpg,490.93344,389.39105,-917.03125,526.8245,341.24802,-852.737,546.3963,342.5152,-852.4743,563.02985,343.54575,-852.25775,445.95895,338.73898,-855.1104,423.2246,340.38702,-855.33624,405.52496,342.44424,-855.47577,590.7192,370.79663,-468.53406,376.78992,373.32617,-478.02768,529.7833,451.75546,-779.37195,440.2958,454.3828,-782.2962,732.892,705.16095,-269.25723,263.5449,704.0738,-286.6362,795.6744,1131.0052,-673.1747,247.63312,1147.5038,-784.9719,831.2951,855.2335,-1430.6267,223.14505,789.49066,-1690.9688,843.7974,772.11163,-1546.0804,215.1257,706.13617,-1809.8257,838.0238,728.4294,-1454.5887,218.3366,664.93304,-1757.9092,830.933,751.7903,-1407.8337,227.09106,685.5233,-1689.2926,638.63416,1335.5062,5.60341,354.04245,1333.3025,-1.5004404,617.76483,1782.3295,39.970963,332.5565,1791.1478,387.21634,597.03253,2136.4856,1004.511,322.71783,2147.376,1304.5508,599.0803,2201.8445,1078.7748,313.6462,2213.4788,1380.9897,566.4552,2301.77,682.7147,354.0318,2311.775,923.5544
image_076.jpg,398.6832,531.8806,-902.0319,410.61453,480.48727,-855.33453,427.22992,477.18802,-855.49335,440.69604,474.51746,-855.5036,348.91608,490.38498,-877.14984,322.97058,494.74435,-877.4656,301.25266,499.70193,-877.7027,454.44138,486.25592,-506.41403,271.38425,527.83093,-615.68854,431.2974,583.98816,-767.728,365.72943,598.9884,-798.1824,602.58813,724.7997,-247.22456,188.92418,843.911,-383.2128,706.9489,1078.1055,-368.34668,255.2236,1264.4838,-768.4354,756.60706,916.93414,-926.0071,239.69327,994.0764,-1534.3685,769.3806,856.5943,-1013.122,238.84496,923.06555,-1635.5095,756.6507,806.80084,-982.97723,210.50847,868.58356,-1598.2336,745.97363,820.2195,-920.6069,217.5118,881.62146,-1530.7322,643.0209,1334.1532,34.711346,406.88647,1390.8823,-32.516644,717.826,1737.4971,-44.3615,445.41736,1815.9617,190.51535,733.7622,2052.3274,820.3518,484.551,2133.6633,971.8977,730.17285,2094.3901,891.62024,487.58655,2179.788,1041.2765,750.47205,2220.3384,606.3518,537.7602,2280.297,679.701
image_077.jpg,495.93646,530.5641,-898.57385,496.14447,476.9911,-845.75287,512.25037,471.58655,-845.96234,526.85876,466.1989,-846.0335,441.33368,494.09192,-876.631,414.7779,502.9091,-876.8625,391.79364,510.8583,-877.1403,531.66815,480.4369,-509.0643,354.16922,544.2266,-652.34094,531.75604,573.904,-768.6762,469.04926,592.3549,-809.3538,663.2273,718.736,-228.5267,265.6624,874.15326,-454.98538,767.3543,1050.1974,-366.13165,374.4636,1273.304,-702.6765,810.08203,901.80426,-940.8715,371.23166,1055.1534,-1186.7441,836.9539,853.613,-1012.0367,389.16995,996.9074,-1240.8528,823.7711,797.6946,-969.99164,364.51624,937.1531,-1190.2695,803.87225,814.4269,-931.05237,363.6708,950.19104,-1164.7406,716.78436,1278.1188,46.990612,490.08365,1348.5214,-44.77205,850.5895,1650.962,-637.3807,559.4317,1732.5798,87.47535,849.8203,1995.7612,-69.35127,615.2245,2010.713,849.2022,830.7867,2045.8022,-31.168245,619.2675,2055.1362,911.98596,905.66833,2166.9763,-351.70993,679.3709,2154.9536,614.77673
image_078.jpg,443.40555,674.22675,-962.8255,457.99432,608.0607,-928.5133,475.1316,598.7705,-927.93066,490.48972,590.45374,-927.6013,382.37918,642.6808,-936.5301,356.01535,654.2012,-936.8001,339.2886,662.99365,-936.6242,515.58093,596.1322,-637.3678,307.3786,690.6517,-669.6556,497.0914,712.5665,-843.2211,418.56195,749.3358,-849.67444,732.4844,792.34265,-399.25235,283.0845,996.07733,-441.3582,856.02057,1128.606,-466.9492,382.6257,1427.7859,-580.55457,879.89813,1054.5829,-1122.9475,342.0789,1289.6953,-1229.9023,911.1853,1021.3042,-1241.9799,336.9155,1260.4438,-1330.9354,884.19006,959.17456,-1251.3408,311.46896,1190.4172,-1346.424,863.74756,972.1623,-1141.4204,325.3625,1191.9277,-1252.9315,812.91046,1387.8114,12.158919,550.9042,1451.3223,-7.58701,879.11774,1796.5874,72.0437,602.69086,1879.8252,237.07863,904.62164,2110.0422,839.5019,637.4547,2192.0354,790.2236,914.274,2159.785,895.38324,652.38104,2247.3718,831.4562,904.24194,2267.9067,588.1621,690.9079,2329.2263,464.55096
image_079.jpg,540.16516,623.41724,-1123.3917,564.7033,565.7597,-1090.9935,581.61804,560.7255,-1090.8586,597.94415,556.994,-1090.5891,486.758,589.5047,-1095.6321,463.16962,596.8065,-1096.1779,447.51898,602.39685,-1096.3638,621.0232,570.18146,-781.2381,419.91223,628.36285,-802.76575,591.36633,668.7073,-999.5385,505.80667,695.0591,-1003.3164,818.58704,807.83685,-460.65576,362.78104,950.88336,-539.9205,914.8211,1140.188,-505.4613,406.3693,1401.7058,-695.69867,958.167,1054.2947,-1104.6035,375.7991,1207.8248,-1313.4121,1000.5849,1026.0631,-1207.6641,380.58243,1166.5604,-1400.2312,971.8819,954.5185,-1206.8168,365.78903,1094.9231,-1394.8699,951.38934,964.02496,-1114.9972,369.31592,1101.5244,-1320.1445,832.7381,1405.7633,15.809285,583.404,1450.9242,-12.616112,903.0341,1808.495,245.60971,622.06256,1878.8309,392.0879,934.4434,2119.1372,1008.82367,640.61456,2188.2385,1089.6929,939.6764,2173.214,1066.2816,643.7445,2242.5916,1151.2407,939.65216,2271.3767,760.5636,693.03265,2328.1467,786.01685
image_080.jpg,575.4675,475.3502,-834.32855,596.23267,422.8858,-777.7265,613.95715,421.26242,-777.70776,631.6397,419.9866,-777.24817,528.77185,427.08618,-791.0589,501.66293,430.68173,-791.222,478.9342,434.90527,-791.56165,646.1465,443.0105,-396.11258,446.0965,466.33987,-454.58463,608.01373,535.6512,-694.3213,533.4103,540.7813,-710.8644,792.28394,749.202,-136.38858,326.472,797.46313,-236.02283,862.49097,1149.0115,-435.76492,316.52188,1269.1365,-707.62384,939.38605,943.2937,-1244.4039,321.2179,956.0332,-1662.1982,976.75604,877.6054,-1357.8765,328.55273,878.94586,-1770.9537,968.8654,813.6217,-1308.1248,321.3958,827.583,-1739.2668,951.3725,832.0685,-1238.3003,327.31656,841.74817,-1663.5975,761.3597,1423.8679,38.897697,469.36612,1441.6558,-35.058044,798.952,1879.9386,13.294035,512.64966,1926.5061,357.11432,806.9881,2282.5435,589.03705,536.4551,2317.5173,1023.6738,815.27155,2345.1182,618.7095,527.8752,2378.5012,1074.5566,795.2597,2434.01,189.4907,592.46985,2469.4583,616.7019
image_081.jpg,485.6445,474.35333,-1164.7152,526.9354,420.94046,-1117.0695,554.1003,420.29727,-1116.556,572.328,419.6913,-1115.6183,445.3044,423.8542,-1106.8113,422.93304,425.58182,-1107.6802,403.0756,428.22025,-1107.3662,601.4931,442.20715,-753.4722,385.77216,466.10516,-722.5135,539.4182,543.0279,-1027.0896,448.7801,541.62225,-1018.02466,790.0236,795.1426,-461.73947,266.27,815.11725,-415.07666,818.41327,1253.8239,-762.88275,250.69252,1294.2114,-625.2648,888.1379,981.3346,-1449.1904,160.12726,957.45416,-1333.9766,905.2257,895.18024,-1520.9725,154.19124,851.12964,-1414.1262,898.20233,840.03827,-1457.5767,158.26233,798.6408,-1358.9698,885.54144,858.7592,-1433.8157,169.70445,822.6107,-1330.548,681.7235,1476.646,22.258305,394.19122,1479.094,-18.825594,701.7313,1973.2906,441.2722,403.94815,2004.9805,393.5835,710.54846,2357.3638,1182.2355,420.04895,2391.3894,968.81165,715.5574,2421.106,1235.2533,416.296,2451.5208,1013.1769,690.08826,2522.5405,850.8464,466.7912,2553.4307,556.0918
image_082.jpg,435.65726,495.501,-662.1851,471.82977,443.6187,-665.34894,499.87872,441.6784,-665.00287,531.0632,439.8698,-664.79144,425.06552,446.41202,-584.23926,413.4319,448.21976,-585.2177,403.40067,450.14783,-585.16693,600.68964,462.68207,-561.5704,434.9275,475.68912,-204.72469,481.43854,552.273,-612.79816,429.54605,554.529,-509.53455,817.8154,781.6732,-471.26944,406.9108,784.3349,78.53732,804.6371,1331.9382,-686.79846,337.2751,1182.7847,-188.9863,640.6926,1056.446,-1026.4315,176.67065,923.19946,-1026.9832,595.89075,980.5951,-1076.17,127.44887,852.511,-1103.003,619.1544,904.93024,-994.1772,153.72917,802.6144,-1050.8502,622.75476,925.404,-989.4285,178.08482,823.3076,-1031.9438,717.85095,1397.3983,-138.67316,492.41324,1363.4397,140.3286,640.76764,1769.0436,-288.92505,132.55573,1543.7091,-218.59506,641.33527,2134.7673,267.20248,380.3285,2108.4275,275.15024,662.0406,2196.284,308.80725,436.39374,2158.3352,322.43555,573.6249,2276.4224,-0.0062611145,341.0134,2300.6987,68.16767
image_083.jpg,438.04904,554.571,-687.8614,474.2014,511.7463,-706.60864,496.21674,511.4036,-706.2498,520.4071,511.9869,-706.3676,436.84305,509.3203,-626.1214,430.25058,508.0281,-625.9705,423.225,507.06342,-626.19226,577.6973,536.3732,-604.7804,455.79114,532.37683,-238.60414,474.72427,611.6282,-641.9163,436.52573,608.1208,-536.5043,772.065,842.2683,-550.6268,404.47104,833.3791,106.630455,744.50073,1322.2562,-656.3744,308.5834,1192.515,-192.38562,555.8769,1054.504,-766.7874,190.2671,920.38965,-1019.8135,502.94714,976.13336,-810.2734,149.4099,850.75,-1090.457,527.3744,912.07416,-727.1936,165.17603,808.8644,-1041.9182,539.8813,934.58923,-724.94586,187.3211,826.0661,-1023.5598,681.3699,1457.7222,-170.53967,477.2408,1416.2047,173.25847,658.0338,1899.0781,-128.89551,394.05527,1864.1495,353.10904,694.7616,2284.2427,396.08182,501.04413,2248.8276,893.55444,728.50024,2348.4124,429.1731,523.6832,2303.7932,939.0406,620.10834,2401.0784,54.42861,480.94553,2383.9531,598.49634
image_085.jpg,366.88077,382.31552,-707.7217,409.4172,339.5321,-750.52844,428.17432,340.1674,-750.704,450.4595,340.66046,-751.1763,380.50937,337.7351,-667.84985,375.02316,337.63678,-668.10913,370.1545,337.49426,-668.53503,524.062,366.92252,-752.76465,435.57108,358.87494,-377.70377,395.89444,438.78027,-699.67975,364.6519,433.8653,-589.5938,697.45667,696.4579,-728.42365,373.57278,629.876,-91.595436,553.9518,1197.484,-766.851,228.91203,921.87384,-331.6202,326.58325,950.3725,-732.2129,145.13828,747.5663,-979.80334,253.96425,930.34314,-765.30145,96.217964,683.1307,-1050.4491,285.515,851.9278,-750.7657,117.682755,645.49133,-1027.076,295.1492,867.4528,-716.5263,143.78517,667.2098,-984.7789,531.7473,1217.0345,-186.23027,399.0615,1088.8751,186.27571,266.17798,1306.245,-558.84686,173.97559,846.9747,114.72621,271.00204,1268.4116,158.49484,179.02982,1234.2843,331.6674,302.44894,1265.9354,248.15515,222.7607,1264.4581,362.9838,140.32556,1268.8837,401.948,50.37072,1328.2249,408.87064
image_087.jpg,413.99146,449.5152,-756.89453,463.66513,403.96182,-816.5426,482.2506,406.40024,-816.58844,502.10867,408.44348,-817.0101,430.1329,397.16483,-721.7548,423.3262,395.1973,-721.68585,417.18192,393.15778,-721.9966,576.325,440.44543,-875.7824,483.24112,423.45468,-451.1985,438.7559,505.65277,-763.8964,408.32712,500.91153,-640.23175,720.13654,758.241,-889.42773,474.14835,652.23474,-141.66048,555.7101,1160.4783,-892.2064,362.75943,942.0543,-215.26399,343.7647,1011.3848,-818.76917,219.63025,835.2332,-655.4816,267.4323,971.02814,-879.5368,172.60185,780.19104,-695.3474,271.13098,912.24304,-837.72723,184.31769,789.0302,-726.204,283.8035,925.18823,-792.7306,211.65852,812.54584,-682.0195,616.41534,1239.2867,-196.10062,460.3746,1147.5444,196.627,372.359,1429.7437,-814.37555,249.32822,1244.4019,-46.927452,435.72977,1567.6493,-88.39136,343.1884,1564.1254,230.64241,468.20493,1580.1201,-6.5880756,387.8742,1616.1733,267.9764,369.2527,1665.6843,29.593306,243.3271,1688.6348,232.88777
image_089.jpg,393.13666,447.48166,-830.4274,431.38705,395.90353,-865.1772,454.56116,393.91727,-865.06793,479.76382,392.00266,-865.4114,392.7922,397.96542,-767.59546,384.65704,398.0508,-767.4076,376.767,398.80325,-767.8011,548.1072,412.10858,-798.92535,417.05496,419.0952,-345.56128,433.17474,505.29776,-795.0076,391.51562,502.69647,-664.7538,775.37195,742.81824,-723.1456,392.55087,740.5253,40.205242,782.5243,1264.5012,-781.55,288.62167,1148.4883,-270.5454,518.9245,1012.6478,-813.19446,154.79129,897.9576,-1242.373,448.94452,928.8165,-871.7895,83.11557,827.93317,-1327.6881,465.34952,841.14087,-771.0337,99.75706,784.48596,-1302.7692,487.13217,869.6215,-757.486,129.93892,802.2788,-1257.7168,671.8145,1398.1333,-199.05449,467.46704,1355.0215,201.3206,594.8743,1844.1498,-256.48868,370.70554,1793.2296,431.47934,621.1395,2210.5251,583.69775,429.30966,2174.4043,1171.0883,652.6942,2265.302,648.19745,446.297,2235.6426,1236.1271,535.6536,2347.7192,279.1019,397.69806,2304.2927,893.6162
image_090.jpg,447.02722,484.43683,-834.59235,479.35626,448.8678,-842.65936,498.72107,448.15118,-842.8078,521.4552,447.6372,-843.2109,444.8643,448.85626,-771.14,436.49493,448.75977,-771.24164,428.91324,448.43307,-771.68634,582.4894,470.1947,-727.4983,458.546,472.10464,-403.62445,476.6057,533.8257,-787.0502,439.614,532.3327,-692.9904,768.174,747.9357,-630.2499,423.1313,730.8741,-90.05487,773.66754,1158.7878,-860.65533,352.16315,1073.719,-356.89536,582.96655,953.6395,-1214.0631,215.54956,856.9087,-1126.1407,525.7874,891.8794,-1309.4526,155.84776,802.30914,-1221.1354,550.44275,824.34467,-1241.9701,190.12605,745.8653,-1213.9688,559.3176,838.42303,-1185.0957,208.16943,758.08276,-1142.9266,646.8242,1253.696,-153.4795,477.51593,1233.0957,154.27571,466.49084,1545.454,-314.96558,180.89992,1481.7025,123.43472,508.7593,1764.4482,482.58014,159.43123,1780.6311,615.0393,538.7613,1799.7782,561.1476,184.92636,1834.3944,665.99347,440.74414,1878.8751,471.3684,56.762524,1902.3293,513.3271
image_091.jpg,436.01575,495.91003,-707.183,469.5657,462.67923,-716.4751,489.22018,461.9569,-716.63385,511.18768,461.65326,-717.05896,434.35828,462.79123,-643.47107,425.87854,462.6758,-643.6854,417.9902,462.22946,-644.136,570.4197,487.19684,-613.3805,451.89786,485.43164,-285.91953,466.90726,544.82886,-664.487,429.08405,543.0334,-569.7078,742.49384,754.4771,-535.0985,407.9016,747.1382,-0.7207119,750.45087,1180.8694,-823.5501,334.11597,1091.7318,-292.72742,592.433,960.2612,-1239.754,199.73492,872.6655,-1076.81,543.40533,895.13104,-1337.0964,147.07924,808.7459,-1166.7019,562.4512,831.3574,-1267.688,171.61795,758.7534,-1147.7291,569.60583,846.5486,-1211.6385,190.18205,777.2218,-1089.2328,629.0292,1265.1061,-147.26979,452.14056,1255.6129,147.97153,457.36798,1564.5845,-320.4656,220.77156,1494.5146,105.67187,523.862,1767.5618,641.6123,328.4,1786.9918,761.45795,556.19885,1797.5305,738.8261,363.3807,1827.5571,828.9191,470.53442,1887.9335,654.29474,288.42197,1929.0999,666.737
image_092.jpg,490.6882,507.09106,-717.26227,525.4242,471.16,-710.47156,548.92706,471.98087,-710.6634,572.96216,473.57864,-711.0752,481.0393,470.46664,-652.7467,469.5189,470.68286,-652.7691,458.54657,470.6797,-653.28973,624.276,499.13242,-557.05756,482.82382,495.3237,-295.5291,525.1093,558.9653,-658.6005,479.9345,557.22363,-582.99005,797.32697,771.7128,-457.3983,437.0598,749.84906,-41.13384,795.14374,1205.0728,-786.6692,364.7942,1115.2482,-218.02873,643.487,954.89844,-1287.568,226.56615,877.7743,-837.93384,608.9612,882.3892,-1373.6198,172.30449,815.10315,-904.50024,628.90344,821.90234,-1304.2219,198.41379,761.69116,-898.2433,633.62305,837.1283,-1261.5139,213.74426,778.99316,-850.64105,661.7565,1281.285,-118.885506,479.64362,1266.8706,119.23261,502.89078,1490.4641,-411.93365,262.77295,1479.154,-86.91633,563.1739,1697.9913,398.28452,441.92993,1717.9839,448.46652,588.07776,1723.4231,482.35406,485.4989,1743.0743,509.2127,530.02673,1829.251,440.00687,414.38824,1855.3759,404.48404
image_093.jpg,514.2608,513.1836,-745.95526,552.8317,473.33566,-750.4259,576.16095,473.18906,-750.5897,598.8923,474.49948,-751.00696,508.32678,474.90753,-682.76685,497.87292,475.52606,-682.8951,488.70334,475.9348,-683.4516,645.54926,499.0802,-615.1349,511.7272,498.7004,-308.9667,552.4354,563.74304,-690.40137,504.84656,561.0333,-601.96136,809.90283,762.7763,-519.8372,446.13297,755.56683,-14.361036,828.39465,1204.9084,-896.47046,355.993,1116.5999,-319.57806,717.4524,976.1557,-1428.9565,246.47914,888.5251,-1115.4048,689.25,900.60486,-1530.8124,189.53024,810.5503,-1203.4736,707.9003,836.4919,-1459.7378,224.10571,769.51385,-1182.3967,707.8057,855.20166,-1401.981,243.04483,790.64923,-1125.2637,675.6993,1297.9774,-155.92766,482.37576,1288.2096,156.69383,495.93896,1600.0826,-530.8061,250.6534,1485.9965,-194.89137,550.05615,1848.7355,290.2398,388.04636,1860.0912,385.44424,580.2325,1879.243,369.2513,423.76025,1903.9502,442.59473,503.25845,1997.8759,243.95975,345.8717,2010.4489,246.63443
image_094.jpg,510.177,493.34494,-840.3033,548.6908,451.56635,-841.50903,572.2854,451.68326,-841.67145,594.4771,452.65793,-842.11914,504.12515,450.5777,-777.8716,494.46332,450.2086,-778.02,485.274,450.21024,-778.5478,638.532,476.2072,-680.75244,501.5123,471.1905,-394.70795,552.1643,547.89905,-774.25854,499.6429,541.4027,-691.5619,797.8587,746.41797,-547.2656,430.79813,732.63153,-91.64426,819.7295,1179.4016,-933.54083,339.52737,1069.5051,-386.90225,722.3669,947.28015,-1549.5043,236.18053,871.7584,-1220.8628,701.5344,862.5485,-1664.8839,184.94017,808.65393,-1315.7045,718.07025,812.51685,-1605.5261,217.34018,767.04895,-1308.7345,711.4644,832.385,-1530.0411,235.20337,786.4896,-1237.084,658.8782,1284.3138,-139.57008,465.45743,1267.622,140.40343,508.90543,1588.7776,-430.6433,276.01468,1479.9388,-43.72517,555.55804,1806.0217,491.6683,401.66028,1822.6448,608.03015,580.77844,1829.546,580.4272,431.36716,1862.0425,673.57135,516.6633,1954.5944,474.09207,365.8537,1969.9786,496.55862
image_095.jpg,514.191,507.02512,-749.46796,557.6181,457.49136,-733.4649,581.2072,456.90372,-733.38385,600.8763,457.78082,-733.6392,500.4096,461.36053,-686.6586,487.5636,461.87283,-686.89825,475.88312,462.86948,-687.06433,640.1468,480.08582,-540.5749,482.0418,484.81097,-333.18405,559.1097,559.6229,-671.6025,494.85815,558.9054,-611.5806,801.40643,756.6902,-424.97955,405.04407,759.46844,-97.22163,852.65454,1194.0471,-799.78644,330.3531,1084.1545,-414.01382,761.5334,957.30475,-1419.4573,227.43582,894.22876,-1193.262,729.5809,877.7914,-1522.9474,185.89067,816.1783,-1276.0625,740.1458,824.78467,-1436.0269,217.23329,778.6858,-1250.4999,737.0425,847.2325,-1388.9874,237.68471,803.9603,-1200.7067,679.57117,1302.5685,-101.52314,458.0996,1290.9662,102.21745,581.25824,1593.814,-759.6183,303.76535,1579.2018,-238.62091,519.7075,1868.7017,79.60105,377.39148,1859.6151,353.50284,520.47754,1898.5498,156.09755,405.2069,1896.7031,410.64175,477.84528,2034.514,-24.744303,339.07587,2012.5037,223.80464
image_096.jpg,536.7236,512.129,-736.8603,579.25116,461.1005,-717.16205,602.76385,461.3843,-717.11304,620.5454,462.51154,-717.3674,520.14655,463.25958,-675.6788,506.70084,464.1777,-676.0943,494.81342,465.76447,-676.36365,662.3836,482.4708,-515.97107,499.65253,489.9589,-333.34988,582.5791,566.3929,-655.2245,515.2736,568.3996,-603.10876,830.17413,755.2758,-406.3499,414.59372,774.34546,-85.823875,902.6276,1203.0188,-762.76117,358.13318,1089.6887,-408.16608,807.98883,946.834,-1288.22,266.66388,885.71704,-1171.3322,786.05396,869.612,-1383.1144,244.59608,813.53015,-1248.2114,796.47205,819.8812,-1289.2482,274.52298,776.1972,-1221.8127,789.87964,844.2154,-1253.4222,291.6137,804.9656,-1179.6885,731.2178,1313.5098,-107.09942,496.01083,1312.2559,108.52683,676.8352,1636.9196,-320.9214,409.70047,1628.7411,80.75001,652.94525,1908.8353,537.02124,468.15384,1928.3655,737.1894,660.34644,1942.0647,612.4503,494.2545,1978.5698,797.3202,614.40643,2079.0972,404.28342,424.7555,2072.5364,564.2022
image_097.jpg,580.3206,515.00806,-949.11664,618.63214,461.6839,-925.733,640.85345,462.27725,-925.6622,658.0973,464.1343,-925.72095,556.4412,465.79193,-882.3568,541.66125,468.6597,-882.878,529.45996,472.22824,-883.1431,700.0157,491.4421,-678.2463,529.6795,507.88037,-484.1206,633.6491,569.62103,-851.32245,557.26764,579.57196,-796.27026,879.40466,769.8985,-545.0449,444.3695,810.4223,-178.17387,971.57294,1225.7279,-998.3322,410.36633,1206.3,-606.0661,881.63434,966.1487,-1687.6704,304.6366,947.35077,-1585.2268,888.57715,887.84393,-1800.5145,280.68774,861.7817,-1702.5948,890.9226,838.3864,-1706.0682,307.89334,805.19543,-1654.2242,878.5407,864.285,-1655.9974,325.108,837.0937,-1589.2512,801.2328,1362.5928,-111.66423,538.567,1359.5947,113.39373,798.1934,1765.4331,-168.35352,507.36572,1768.5308,58.26318,791.35925,2101.0342,721.1063,563.68604,2120.1636,758.6161,801.9776,2157.8271,790.3601,579.02765,2178.9531,818.6819,749.76306,2250.3862,431.59512,561.4066,2264.1526,428.28976
image_098.jpg,597.513,512.07336,-783.0597,632.8238,463.40024,-742.58124,654.0418,463.03815,-742.10443,671.09393,463.48495,-741.846,564.19104,468.47528,-723.0864,546.58234,471.1507,-723.7567,533.06793,474.03986,-723.622,715.62146,486.10608,-476.13837,529.84283,511.5226,-395.7714,649.0687,563.9462,-683.6494,566.58887,576.9295,-660.75653,885.8486,763.6527,-313.45532,470.16324,807.8237,-194.5591,1019.73334,1196.4406,-567.8633,468.71915,1227.0282,-510.08755,935.93536,915.2711,-1024.7167,340.85095,971.6188,-1224.8864,935.6964,839.58624,-1084.3945,283.1213,898.7225,-1297.8147,925.67596,796.5214,-996.5965,308.0072,834.8449,-1255.6388,917.05963,815.54193,-992.01965,331.24606,862.58685,-1227.1464,838.758,1350.6243,6.7764635,585.96454,1358.5496,-4.0452485,830.2067,1764.3447,100.48372,563.296,1786.8624,311.5507,837.1759,2083.0476,883.8699,579.5249,2114.3132,970.92914,846.4138,2138.5808,944.8472,580.6354,2172.3733,1025.2338,811.2269,2237.4114,614.3482,612.2044,2260.803,640.54956
image_099.jpg,595.1897,353.5095,-698.589,635.05115,308.02936,-638.37854,656.6732,306.97513,-638.63324,673.94617,306.93472,-638.97266,560.0491,317.42908,-629.5388,540.3516,321.96213,-629.60156,526.71893,326.43884,-629.95496,708.97327,328.5967,-314.23148,511.79166,363.6163,-276.0368,647.09973,406.31046,-581.1617,557.66534,411.8372,-569.9577,869.78467,615.3736,-199.47504,443.84445,651.83765,-67.087875,945.75415,1011.18854,-623.3474,404.76154,1020.53973,-444.01492,940.86633,745.40466,-1348.1051,293.12775,769.8873,-1257.2191,934.3086,661.71765,-1443.6235,261.6568,679.69946,-1346.7985,931.4634,629.7281,-1362.7324,213.16957,645.61194,-1310.2772,923.11597,646.5787,-1324.6146,278.48947,678.192,-1257.4166,805.62866,1198.7513,-59.37365,558.0538,1197.3765,60.233963,729.1624,1565.6107,-848.3814,467.5696,1538.1672,-507.48047,744.8811,1863.697,-69.99177,593.9893,1782.8926,463.28522,748.9847,1895.6161,-1.8134929,634.0732,1809.2184,553.8375,756.4348,2053.213,-190.6505,582.96704,1963.1619,404.88675
image_100.jpg,588.9902,352.06387,-689.61676,611.6813,306.62573,-632.29877,628.6505,305.98227,-632.6802,646.38074,305.56708,-633.10614,546.06116,312.7347,-631.39777,521.87854,317.82214,-631.49554,503.96887,323.4157,-631.8469,677.7876,330.62384,-318.77597,480.59225,362.62415,-316.8651,626.723,404.69128,-576.56274,545.90497,416.16467,-576.39923,834.02374,619.64575,-182.609,398.99017,661.286,-143.98978,892.91974,987.3459,-558.0533,396.0389,1048.8242,-561.11487,924.04724,773.875,-1261.3368,395.28323,798.70776,-1305.4333,935.5777,716.522,-1359.161,400.61606,732.2962,-1384.8927,927.2991,661.09247,-1272.8591,396.3008,692.31305,-1315.1401,919.53186,678.6225,-1238.7933,400.07614,704.48975,-1285.6549,772.0496,1163.8088,-46.850555,539.06274,1189.9303,48.066566,858.73157,1542.6144,-842.41187,681.60345,1577.0812,42.226776,823.4065,1894.2952,-199.74608,738.57294,1850.2704,800.31995,810.03796,1934.2656,-152.99849,747.0023,1888.169,866.69806,837.1179,2068.9429,-449.17096,761.08466,1999.4574,600.004
image_101.jpg,549.6665,367.57874,-937.99884,567.0271,323.49905,-882.6275,584.0951,322.60815,-882.9442,600.181,321.53296,-883.516,509.06427,327.89313,-894.70514,486.9777,331.10107,-894.8007,468.4842,335.3761,-895.0172,622.6101,342.36432,-522.08496,440.70874,371.93256,-583.4905,583.8367,414.81757,-799.8567,510.8978,423.12515,-818.4118,770.0612,614.6656,-289.98987,357.91315,666.9798,-360.01865,829.5285,962.2353,-668.1412,365.00946,1051.7871,-770.35895,878.15967,767.3901,-1465.7456,369.8933,800.98175,-1538.0394,883.79706,709.3936,-1584.2952,365.97345,727.5827,-1637.2168,874.53406,654.9571,-1516.0524,358.65005,693.9775,-1570.8545,868.3395,671.5867,-1450.9857,364.62515,705.82336,-1519.6001,718.14825,1141.2947,23.536646,511.3347,1180.1871,-22.731009,902.25165,1389.4218,-709.8383,818.4426,1422.1018,-60.389076,938.0967,1762.7133,-45.75666,870.3172,1763.268,731.27875,924.9614,1807.6774,8.359795,872.58057,1781.7269,806.49695,994.1145,1939.9137,-285.65637,924.39526,1929.0233,543.31744
