image_001.jpg,223.08936,290.36108,-492.36407,211.73839,260.33948,-522.9499,216.95778,254.73314,-523.0468,222.8224,248.07475,-523.2231,200.60654,267.6952,-469.73804,197.99194,267.49677,-469.87906,195.25151,267.16815,-470.1142,265.39804,213.30348,-567.4964,230.51517,235.04654,-337.87433,265.44943,298.22263,-501.11688,250.32765,302.66418,-434.30652,493.37027,264.4065,-587.1285,350.17316,292.80923,-160.992,635.7499,477.97867,-588.8908,369.4192,482.40164,-52.51748,603.5949,696.03455,-559.91315,354.48523,658.57745,-86.42063,589.7923,717.04297,-636.7823,305.32626,676.1993,-97.91142,564.0953,710.64154,-612.32666,321.32574,678.04144,-163.60403,570.6521,700.96173,-553.1406,347.45245,675.2647,-116.25698,765.0449,375.99744,-121.69909,683.20123,398.52985,121.39176,946.9413,483.101,115.4508,888.0016,473.60364,353.31128,1099.0198,527.62384,399.3414,1026.557,501.31885,642.8478,1128.0953,518.0647,420.38492,1061.8134,492.52954,672.76764,1082.9279,613.144,326.34067,1032.0669,576.5933,630.64276
image_002.jpg,317.76416,122.76478,-575.78314,323.136,112.35849,-567.1829,326.68323,110.88323,-567.2361,329.7553,109.33274,-567.3307,312.016,113.596275,-566.1483,308.67853,112.65478,-566.1986,305.59515,111.49086,-566.2587,335.5675,102.24213,-472.06287,301.16803,105.14723,-468.07422,324.98026,127.440384,-536.673,313.2849,129.19472,-535.41187,367.30142,135.93494,-386.6005,283.56244,141.69496,-368.92038,382.5598,218.61053,-412.01767,277.8979,221.26997,-375.58185,395.83246,304.43832,-458.76077,267.86932,303.83694,-430.67746,407.2074,314.60986,-501.43558,257.40186,312.88153,-471.18094,396.884,315.28513,-517.8292,265.781,314.7241,-493.27274,390.27255,312.7033,-468.99597,271.6508,312.379,-443.61334,351.71768,198.57335,-6.9159822,310.81766,200.18733,6.8018165,350.2982,234.29291,254.7313,318.52045,236.34749,257.1428,347.14542,255.82755,555.736,330.8224,257.3607,559.5458,345.664,252.52179,583.35364,331.1035,261.71954,587.8029,347.41766,286.06845,512.1791,328.55176,288.3069,515.32306
image_003.jpg,319.2262,135.30464,-454.00793,324.41803,124.38806,-449.50677,327.78906,122.73902,-449.54108,330.76523,120.96512,-449.5977,312.35223,125.984795,-448.60663,308.87152,125.03593,-448.6698,306.03226,123.821365,-448.74237,337.33124,114.33434,-373.51514,300.71667,116.89794,-370.13782,326.5713,139.83273,-421.33344,314.54352,141.6671,-420.34677,367.2592,143.3043,-298.76154,283.75922,149.15364,-292.81372,387.98303,222.83311,-301.71597,273.03717,225.71638,-303.3911,395.5816,306.94968,-319.1254,265.93073,304.99527,-338.68814,406.55362,315.50226,-346.74734,255.66748,313.89523,-369.06967,397.16614,316.8903,-360.29935,266.42578,315.36865,-384.1579,390.93176,314.2017,-326.34274,271.718,313.0419,-347.38428,352.45822,208.31268,-4.729231,313.3975,211.40627,4.6079283,348.46164,242.82135,221.17058,322.69717,244.73038,217.2866,343.39484,255.60016,459.76233,330.55927,254.92654,467.2035,341.9107,252.27682,482.31125,330.39526,254.66125,491.82678,345.26547,281.1218,430.3487,333.72766,284.22205,442.94525
image_004.jpg,319.77585,131.02565,-537.6455,324.70947,120.30878,-529.904,328.02524,118.63626,-529.96,331.12326,116.82483,-530.03656,314.09866,121.69163,-530.08386,310.6612,120.94383,-530.1405,307.85184,120.02012,-530.21313,337.39633,108.98942,-437.873,303.28308,112.90203,-439.64288,325.9268,135.18259,-498.99863,315.15033,136.86319,-499.50153,366.67255,139.94914,-356.87396,282.39062,145.58035,-347.2832,384.4924,221.79521,-378.03018,274.16125,223.81174,-359.62302,394.747,306.8026,-420.56268,266.4589,305.10165,-409.59537,406.8357,315.7075,-459.62103,256.9186,314.03372,-448.62537,397.56717,316.76376,-475.25922,266.11615,315.55466,-467.2696,390.96713,314.0823,-430.09302,271.27396,313.22772,-420.8383,351.64594,206.2331,-6.6983995,312.53897,207.44238,6.5782523,349.52103,242.42146,242.5823,320.34598,243.48216,248.48491,345.18915,261.14926,533.702,331.93265,260.67596,542.3306,343.95145,258.99957,560.3649,331.73407,262.79022,570.3029,346.08215,291.59656,495.6996,331.3404,292.5281,506.05414
image_005.jpg,319.72357,131.83238,-535.58484,324.93594,120.646065,-528.93646,328.20404,119.1585,-528.987,331.24667,117.56592,-529.0542,313.80707,122.72767,-528.2854,310.3399,122.388145,-528.34546,307.5677,121.78978,-528.42474,338.0574,110.19669,-441.24332,303.0287,114.97176,-438.92175,326.29,136.3989,-498.5333,315.49713,138.86623,-497.84952,367.02658,137.71445,-359.5896,281.32413,147.80199,-348.58032,387.4272,222.88536,-381.18527,272.64703,224.97502,-362.8043,395.0708,306.17474,-420.06293,267.10297,306.00616,-410.2981,406.609,315.26318,-458.24332,256.0421,314.27994,-448.22784,397.1381,317.28482,-471.7204,266.6942,316.1159,-464.41946,390.57486,314.367,-428.38898,272.40387,313.76804,-420.09845,352.14325,203.30563,-5.8306394,311.20145,202.40031,5.7107253,349.36356,240.42508,232.56117,320.46567,244.03821,233.71745,343.5913,257.67676,530.56,330.5437,257.52307,539.5021,346.34302,260.45187,558.07153,330.88467,253.00885,568.8252,346.16412,286.09653,494.5063,332.39017,287.01663,507.06006
image_006.jpg,319.4822,129.08994,-445.99854,324.3965,117.77286,-440.61478,327.76324,116.25433,-440.64996,330.6512,114.68462,-440.71445,312.7372,118.94004,-438.69336,309.44162,118.180855,-438.7476,306.59033,117.36105,-438.80353,336.83298,108.205055,-367.9831,303.0261,110.993126,-359.78946,326.9841,134.03505,-415.50742,315.85553,135.71022,-413.13733,368.4768,141.7925,-300.41702,283.6981,149.79698,-285.28214,384.83533,221.83958,-313.79236,273.44272,224.11736,-292.6444,395.12726,306.50687,-341.19116,267.27264,305.31152,-329.0031,407.84604,315.59146,-372.9111,258.32434,313.55807,-359.5234,399.18512,316.42023,-386.43173,267.98376,314.8018,-374.57947,393.0449,313.8119,-348.93442,272.7719,312.5682,-337.75766,350.54193,209.3634,-7.2725525,312.36578,210.55899,7.1493635,349.14136,242.51552,213.71461,318.79785,242.86087,222.0906,342.71198,260.21103,458.04785,330.5486,260.6488,469.41583,341.0533,257.22812,480.27066,330.0461,262.0368,492.72015,344.00476,289.64313,421.96448,329.21838,291.25323,435.8992
image_007.jpg,323.0097,129.77058,-439.63467,328.07257,118.70369,-433.88736,331.44318,117.14712,-433.9228,334.45392,115.58541,-433.9895,317.20255,120.07476,-433.11813,313.75186,119.173294,-433.17978,310.857,118.11145,-433.2334,340.76633,108.658936,-358.74118,306.31775,111.42958,-355.68692,329.8955,134.45183,-408.11118,318.78958,135.78279,-407.1954,371.6973,144.43143,-291.48557,285.66113,149.7243,-283.7054,386.61026,222.06248,-302.14575,276.40945,224.23503,-291.15118,395.3191,306.39813,-328.04538,267.88632,304.83734,-327.12543,409.23544,315.90866,-358.3157,257.27823,312.93143,-357.88654,399.88745,316.54974,-371.98193,265.83167,314.42352,-373.15842,393.67883,313.62225,-335.8345,271.7058,312.44254,-336.065,352.80414,212.98866,-4.3253145,313.57108,213.4229,4.170753,350.07556,244.46132,223.06389,320.0352,243.98537,225.19675,344.78113,259.60605,462.4421,329.88416,259.4098,467.78943,342.71826,254.51608,484.96973,330.1143,253.42653,491.10614,345.3292,287.01,433.01205,331.30038,289.51855,439.84787
image_008.jpg,249.65887,109.14111,-391.20493,255.28368,96.61757,-380.17508,258.5158,95.333725,-380.23328,261.7273,93.938416,-380.31204,245.056,97.50419,-382.37164,241.11497,96.66028,-382.43762,237.62222,95.67255,-382.49017,266.78302,89.532875,-304.64902,231.22517,91.305595,-313.90002,253.99123,116.79819,-362.4554,243.92703,116.34018,-364.9319,288.15088,143.47116,-243.29713,199.9621,147.14804,-266.62384,308.46326,227.33923,-255.32953,181.12483,229.21289,-283.68848,328.8363,310.86746,-283.57382,159.22191,313.6693,-316.34622,341.0642,319.388,-308.5874,148.05954,323.1356,-345.69815,332.3937,322.3028,-324.95776,158.53389,325.1333,-357.9771,325.4619,319.66907,-292.62234,163.9775,323.10672,-323.7,261.67377,208.39307,2.5505035,218.79453,208.87653,-2.6579885,254.19559,245.63812,193.45924,222.85156,244.56178,174.82129,244.20659,268.87347,399.14264,229.57564,268.94348,384.68103,242.67572,269.5335,417.69452,229.4561,269.20612,403.54318,241.19078,295.68304,366.05383,228.47952,297.48212,347.61658
image_009.jpg,246.1891,114.16208,-419.17877,251.98248,104.238945,-410.13638,255.3592,102.803024,-410.19196,258.62515,101.09323,-410.2814,241.78482,105.005974,-411.78247,238.09015,104.27103,-411.84882,234.77576,103.41623,-411.88855,264.33844,95.059525,-333.22812,228.38376,98.91804,-339.67322,251.28064,121.50158,-388.66034,240.26556,121.58945,-390.3383,288.43423,144.37823,-264.5153,199.33762,146.01328,-281.96716,308.32867,227.72144,-280.20602,179.47308,226.5767,-298.09726,328.85303,310.62134,-312.59958,158.25279,313.39148,-333.213,341.32397,319.73984,-339.3327,146.81001,323.1608,-363.23386,332.46786,322.4878,-356.16153,157.26318,324.99414,-375.96704,325.70908,319.6519,-322.03256,162.62508,322.52902,-340.77643,262.08603,205.34642,1.8105384,217.62335,206.36232,-1.926268,254.91537,243.28284,197.72693,222.49454,242.65399,185.11452,244.80283,267.88293,408.10095,231.24466,269.5584,392.80768,243.13582,268.84042,427.54556,231.26872,269.70096,411.65503,242.34702,295.64212,377.20084,230.3836,298.65582,355.375
image_010.jpg,247.63618,110.911995,-414.63443,253.21884,100.32768,-404.91418,256.24957,98.98916,-404.97372,259.14636,97.50705,-405.06012,243.0209,101.13123,-406.65866,239.0948,100.27892,-406.72736,235.55762,99.248436,-406.77386,263.91318,91.9113,-327.27594,228.8364,95.44008,-334.03497,252.14407,118.760574,-384.052,241.12976,118.74752,-385.86478,287.23984,142.61249,-260.7151,198.74152,146.25598,-280.28113,307.61606,229.26857,-276.41464,180.83797,227.57129,-295.99023,329.4546,311.5929,-310.04312,158.49527,312.98492,-331.68796,340.3949,321.04492,-336.98694,146.92363,323.14655,-362.2985,333.15152,324.18713,-354.8333,157.82858,324.69278,-375.52603,326.8971,321.29727,-319.909,162.6088,322.32462,-339.50046,260.8567,209.45175,1.7379024,218.02657,209.18794,-1.851302,253.9323,247.0955,201.59543,224.11823,247.66441,187.13501,243.29427,270.4895,418.74274,232.26302,271.8039,404.67633,242.8935,271.59927,438.7326,232.85245,272.18488,424.61908,242.60641,296.82297,386.21927,231.55301,299.44592,368.3862
image_011.jpg,246.33276,115.57306,-415.1956,252.36185,105.41886,-405.69806,255.6379,104.203735,-405.7492,258.8189,102.76231,-405.83032,241.71567,105.90884,-407.268,237.90005,105.07823,-407.33627,234.6066,104.16495,-407.37656,264.39368,97.39426,-328.7165,228.74187,99.9647,-334.9782,251.44621,123.23304,-384.94855,240.25697,123.42284,-386.57645,287.68222,145.242,-261.3036,199.71532,146.4905,-278.08096,308.89462,228.36946,-276.71472,179.5861,226.22015,-293.5927,328.5704,310.38583,-309.41977,157.80663,314.4935,-328.75073,341.24026,319.53354,-335.9329,146.75378,323.5709,-358.51877,332.57916,322.17648,-352.37817,156.70865,325.4141,-370.91885,325.45435,319.85593,-318.6138,162.17162,323.3594,-336.1303,262.08835,206.26808,1.5176663,217.86977,206.6137,-1.6403402,254.08353,246.69843,196.53761,223.44087,243.75462,182.96487,244.98396,268.6386,405.10477,230.81543,269.45807,390.90717,243.56535,269.4461,424.4076,231.21594,269.7362,409.87823,241.66698,295.57794,373.55228,229.43645,297.9389,354.2691
image_012.jpg,47.351807,70.32906,-164.22258,42.740433,64.79359,-176.72607,43.241665,63.78108,-176.75195,43.82186,62.623116,-176.80664,41.84032,65.741234,-160.09785,41.676765,65.33086,-160.11462,41.476837,64.802795,-160.14114,50.078846,54.02817,-195.77042,46.7883,56.13691,-122.68962,55.19463,68.41597,-167.30855,53.458252,69.86697,-146.12218,100.36459,58.258553,-203.28183,69.5936,62.618782,-54.368618,114.60171,112.02792,-212.37706,73.007866,102.020256,-21.385721,121.433525,159.7283,-214.353,70.77637,143.1826,-41.54793,115.17724,164.29866,-241.54314,61.039875,147.93982,-46.443287,111.02928,162.9994,-236.24582,63.611008,148.6883,-66.55191,113.42656,161.6378,-213.16478,67.90167,147.78464,-50.986343,161.42084,83.30365,-42.869537,146.4904,86.85358,42.743984,208.96794,107.06044,41.242348,196.10178,107.18531,137.63551,251.64378,114.20456,132.08069,235.56989,112.3409,238.9743,262.6958,110.799965,139.13293,241.53671,111.78969,249.62904,253.72147,135.86414,108.45038,237.79979,133.22266,236.59082
image_013.jpg,249.67746,126.051575,-417.21368,255.60754,116.68585,-409.62726,258.79965,115.54595,-409.66855,261.69208,114.21891,-409.74225,245.09894,116.82866,-411.18317,241.43063,115.82617,-411.24548,238.25455,114.70259,-411.2919,266.84372,107.16069,-335.25323,231.8062,108.4762,-341.05234,254.5954,132.95355,-386.969,243.36705,132.34566,-388.51273,289.06714,146.08508,-262.24408,202.11574,148.53748,-284.27414,307.61636,229.32095,-273.43066,181.81693,230.1341,-302.46985,328.94598,311.5029,-300.31396,157.7789,315.01556,-334.08966,339.78802,319.73126,-324.2823,147.09503,322.99478,-362.91815,332.68365,322.614,-341.3723,157.7608,325.55984,-375.24417,326.5055,320.6212,-309.41095,163.29274,323.03946,-341.28445,261.1585,207.11162,4.901601,218.49092,206.54694,-5.0225945,252.2699,245.54384,197.66753,223.05159,243.04408,177.82251,242.43684,274.47552,406.49615,228.87967,273.37054,390.23645,240.83849,275.12552,425.87076,229.2727,274.38882,409.6926,241.98836,297.32617,372.79404,227.30371,297.19592,353.37146
image_014.jpg,124.718056,132.4808,-420.24548,129.1348,123.343,-413.63184,131.87614,122.23299,-413.6472,134.56409,120.8977,-413.69534,120.87403,123.74903,-412.71683,117.94444,122.804306,-412.79123,115.248405,121.72551,-412.84586,139.95596,114.48668,-344.00275,110.56337,115.843445,-340.61725,130.0227,137.10368,-391.95053,120.23495,137.82407,-390.94415,164.43839,153.17046,-282.15887,85.93574,148.95627,-278.7601,179.35214,225.98492,-299.6815,72.566986,223.33864,-290.9356,190.27998,297.94434,-334.1117,56.676292,300.95377,-325.657,199.08926,307.56247,-365.0882,51.037086,310.74387,-357.7091,188.09344,308.65384,-377.13837,60.57008,311.07135,-369.67545,183.72882,305.98862,-341.68024,62.930767,308.42816,-333.4381,145.43404,213.6708,-4.955932,107.92295,214.18477,4.813357,144.61246,239.40378,212.1836,112.52078,239.92525,211.62389,140.70569,256.74316,443.87537,120.371765,254.63441,445.8359,140.03053,255.15541,465.41174,123.44042,256.09177,467.78726,137.72148,282.6249,412.98206,121.247375,283.41602,413.9448
image_015.jpg,121.70553,126.685196,-573.4093,126.75917,116.90391,-563.9165,129.85455,115.754074,-563.93933,132.84535,114.51729,-563.99536,117.338974,117.22736,-564.05927,114.08154,116.31242,-564.12836,111.162125,115.37031,-564.18195,137.97377,109.46674,-469.84967,106.81507,110.99987,-471.00565,127.02821,131.60947,-535.3862,116.600525,132.08748,-535.60284,160.84605,149.30533,-384.03787,83.439644,146.59567,-383.0002,176.95818,227.52727,-406.9288,70.32241,224.34947,-402.1782,188.73169,301.00745,-457.65912,56.665207,301.2791,-456.98898,196.5503,309.46365,-499.02625,50.457794,310.80753,-501.0006,185.75854,309.5247,-514.45984,61.313976,310.91406,-516.2575,180.65503,307.149,-467.62207,64.19108,308.25247,-467.17664,142.47993,204.26765,-1.9374094,103.59974,204.27496,1.7698239,141.97018,234.69992,262.1524,109.61687,235.56726,253.45236,132.36351,257.80078,574.8415,118.66719,256.97806,569.6978,129.85683,255.65477,603.8522,119.519684,254.36499,599.2919,133.2081,287.75183,533.59753,120.938286,287.55182,527.3046
image_016.jpg,120.69472,144.13118,-388.557,125.39183,134.16315,-386.46997,128.35178,132.95082,-386.48392,131.11491,131.58258,-386.52603,115.33385,134.68004,-385.3078,112.002556,133.85707,-385.365,109.22132,133.00293,-385.40802,136.07065,124.6564,-325.701,104.87073,126.34934,-320.51868,126.797646,148.69223,-361.66464,116.105446,149.95364,-360.19485,159.99873,152.26596,-264.37073,81.35741,150.36024,-254.47374,179.04391,225.68457,-274.74237,68.89835,224.72153,-259.1563,191.14154,299.4663,-296.64017,57.319443,299.97015,-286.1235,199.02408,308.14822,-324.05603,51.30746,309.5882,-312.84384,188.14433,308.5751,-334.99078,62.444443,310.47433,-323.98688,183.94658,306.42526,-302.99533,65.07434,307.73495,-292.662,142.73418,214.86136,-5.9995623,104.82951,216.45667,5.893957,142.90204,239.65973,191.26831,112.04678,241.55498,198.07649,138.68051,256.87027,403.03552,120.65021,253.34189,413.54703,138.62442,255.19345,422.6225,122.00515,256.4765,434.05124,136.62907,281.00003,372.4269,122.650764,281.8475,384.60703
image_017.jpg,122.10403,139.18254,-408.12802,126.74799,129.66504,-404.47314,129.77591,128.31908,-404.48538,132.71481,126.90741,-404.5429,117.1783,130.85721,-403.23856,113.99809,130.12378,-403.2983,111.08325,129.1638,-403.33203,138.47171,120.666466,-339.662,106.38339,123.27214,-334.17377,128.49646,143.04602,-380.2743,117.65701,144.11946,-378.7113,163.96016,151.74417,-277.14594,83.82256,151.22647,-265.33893,178.18214,223.14203,-288.4832,70.85699,222.5287,-268.00674,187.37769,298.63858,-317.1707,59.802097,297.0188,-301.91827,197.20587,307.67654,-346.58536,54.113495,307.91718,-330.56622,187.52295,308.59067,-358.4353,64.37125,308.08542,-343.56262,182.83862,305.71982,-324.3304,66.576195,305.70206,-309.60733,145.18826,210.844,-8.721051,107.67899,212.31276,8.5991,143.53578,234.16498,196.02374,111.489494,237.13663,209.10378,136.89148,251.47572,416.1299,119.58989,251.78415,429.82547,138.83417,254.86491,436.31357,119.71611,248.44028,450.52136,137.21826,279.4276,384.33282,112.02896,280.15906,399.4593
image_018.jpg,123.2307,123.55631,-506.62366,127.92227,114.86056,-497.3847,130.77597,113.946335,-497.39835,133.56622,112.74666,-497.44928,118.95726,114.60425,-497.16528,115.78566,113.54248,-497.2372,112.98366,112.39235,-497.2922,139.09038,107.07493,-411.78387,109.220215,108.02942,-412.32022,128.24477,129.00806,-472.56818,118.48991,129.61174,-472.56985,162.80579,146.17584,-337.18964,85.09043,144.07654,-342.74023,172.3199,223.8066,-361.1465,74.06011,218.67595,-366.392,183.5273,299.27243,-413.98282,63.75997,294.2343,-415.49173,194.16907,308.31314,-452.37976,54.79766,306.15973,-456.82285,182.82391,309.2533,-467.50604,67.0879,306.76437,-470.20605,177.6555,306.39752,-423.89767,72.11823,303.78146,-425.08307,144.08592,204.63673,0.7621709,106.74076,205.19028,-0.9265753,143.77411,230.71092,259.49182,110.695435,231.767,235.40747,143.18153,251.45724,537.93243,120.70055,251.30548,519.3457,141.99173,250.73093,564.22534,123.37475,254.24707,546.2179,143.47679,275.704,503.92358,113.3417,279.7639,480.73584
image_019.jpg,686.92035,126.364845,-175.30551,694.76483,110.14038,-159.65779,694.0428,108.65291,-159.69113,692.9347,106.935326,-159.68051,693.21375,109.43428,-206.14511,691.5819,107.599655,-206.22096,689.7488,105.52814,-206.25967,674.42395,94.28126,-57.45833,673.2911,95.877266,-266.2125,672.48303,131.4871,-129.96916,670.3402,129.84581,-190.6238,592.8487,114.485344,109.50945,593.39557,145.7724,-340.27628,567.8002,219.56244,146.42944,568.703,257.24106,-361.31772,567.59094,311.40475,55.67798,561.47314,361.0896,-332.28543,587.0197,314.03146,57.910053,583.9107,373.84415,-394.16028,591.1407,318.02655,7.231697,590.82715,367.5003,-364.99316,584.0928,318.27316,31.811798,582.7795,363.29172,-322.72604,394.44678,166.40741,151.82607,390.8764,189.52075,-151.84845,274.1239,219.35709,354.43994,264.824,231.65582,-19.076319,139.09253,257.75623,565.81775,118.0727,279.26105,100.35301,113.12402,251.15108,585.6705,79.66103,280.93085,105.27397,153.73907,320.01224,554.4664,139.39017,346.06006,12.715833
image_020.jpg,473.37817,92.39398,-16.070854,480.25626,84.24048,-6.3884244,480.16168,83.49827,-6.439943,480.02847,82.59867,-6.471757,479.82935,83.38761,-35.736526,479.4083,82.06684,-35.755653,478.93292,80.37488,-35.812344,472.03674,71.86492,49.748047,471.19345,70.67665,-82.4096,464.29602,92.55875,8.199936,463.53088,91.07804,-30.456991,412.76047,77.2793,132.64964,421.70877,67.734726,-146.36484,409.1698,138.98824,171.91632,419.6527,139.30908,-197.45049,416.48547,198.08168,107.94558,429.89703,209.10762,-208.50206,430.245,200.1164,101.77167,444.91278,215.99597,-244.23027,433.94366,201.75235,73.43658,448.05084,213.50934,-226.78491,428.68054,201.70204,92.41339,443.24698,211.32698,-202.67294,307.16434,104.21315,79.26033,305.8071,94.86498,-79.19426,217.20395,140.96529,45.25925,214.78047,141.55072,-95.289696,119.9591,161.61655,74.470085,109.859024,166.34846,-82.79716,100.60547,154.65736,74.24066,90.77348,160.3145,-86.35997,103.825905,199.97192,16.684338,90.87861,210.8294,-166.59535
image_021.jpg,316.88727,139.45369,-503.1973,321.6692,130.09001,-500.66373,325.94662,128.23845,-500.70105,329.67157,126.1985,-500.7644,311.23328,130.58594,-497.6081,308.10144,129.29576,-497.66025,304.92023,127.66454,-497.72552,336.2804,117.00703,-425.2085,300.5006,118.518875,-411.32303,324.70447,142.98338,-469.8118,313.2935,144.2233,-465.8048,370.2335,139.14801,-345.22342,280.29105,147.46378,-320.2058,389.80927,222.16821,-359.43787,271.59662,222.12126,-328.1734,397.45212,302.80054,-392.6602,267.29178,301.42468,-370.49518,409.7022,312.89932,-429.7061,258.8518,311.2754,-404.9783,399.4654,313.18365,-443.34796,269.64163,311.9626,-421.6379,393.58743,310.52295,-400.7753,273.94366,309.31415,-380.26355,354.30478,205.99512,-8.195924,315.39432,207.2707,8.140973,352.97757,239.26225,236.16856,322.95914,239.23474,250.0005,346.09375,258.89404,514.4773,334.60175,258.79852,529.64124,345.2209,257.96567,539.9113,335.05618,255.99599,556.5524,347.21014,291.02917,474.5448,332.992,290.94586,493.90405
image_022.jpg,320.1679,110.30923,-542.9332,324.51328,97.376785,-531.5685,327.77023,96.14036,-531.6183,330.6872,94.86271,-531.6832,312.90442,98.390305,-530.895,309.47067,97.86716,-530.9603,306.6428,97.30075,-531.04144,337.01135,89.84931,-440.59973,303.43912,93.59636,-438.42056,327.8734,116.58573,-507.21524,316.09286,117.89579,-506.47803,370.34302,136.54008,-373.2226,285.7189,142.38466,-359.63702,387.65143,219.6887,-409.76886,276.1329,221.24774,-380.78058,396.88434,301.9918,-460.59354,268.47867,302.3117,-435.9285,408.1923,312.23032,-502.95776,258.33237,310.2776,-477.465,397.6404,312.81406,-514.8767,266.90738,311.44235,-494.66602,392.0156,309.76776,-469.21118,272.41077,309.6817,-447.22482,355.2612,207.05531,-9.898657,315.1334,208.45822,9.704019,352.4488,239.44176,243.75249,321.72928,240.52887,251.98108,346.83035,259.4268,554.7355,332.93823,259.03714,564.202,345.40933,256.09995,582.7402,332.96606,254.0555,593.4662,347.481,289.58063,512.6537,333.24542,290.24875,523.7469
image_023.jpg,319.4927,114.76912,-462.64752,324.16925,102.92764,-454.22006,327.40588,101.2359,-454.26166,330.322,99.5199,-454.32147,312.23193,104.682274,-453.25494,308.88046,104.0058,-453.3167,305.97784,103.14134,-453.38757,336.96655,93.05391,-375.66275,302.39972,98.13116,-372.20337,327.46072,120.72129,-431.12567,315.52496,122.81646,-430.06796,370.291,137.07835,-313.045,283.4689,143.89017,-304.965,383.76984,221.14052,-333.00345,276.13074,220.58255,-320.57645,397.57343,303.42136,-363.06668,268.17227,300.75256,-360.06314,409.24533,313.2595,-397.00952,258.2015,309.55313,-394.09232,399.02548,313.685,-409.59448,266.1791,310.91095,-409.38956,393.18088,310.512,-370.79263,271.83224,309.1516,-369.54138,352.9754,208.12321,-5.8439217,312.65036,208.57137,5.671705,351.88428,239.74779,231.5543,320.14154,239.352,233.7455,345.7197,259.40076,495.73083,331.82553,260.4332,498.34207,349.30576,262.57834,519.8346,331.7512,256.1818,523.4124,345.51865,290.60648,462.59506,330.29547,292.5615,465.33942
image_024.jpg,319.22583,115.15075,-485.8509,324.35382,103.934074,-476.53497,327.5309,102.357796,-476.58487,330.3927,100.76253,-476.66104,313.01877,105.243774,-475.89838,309.57004,104.49161,-475.96356,306.75974,103.55508,-476.0346,336.38092,94.97961,-394.93613,303.58566,98.56147,-392.833,326.3984,120.71157,-453.19598,314.9627,122.58521,-452.5481,369.62213,137.84444,-333.11826,282.74902,144.1342,-320.94345,381.06458,221.72607,-359.5843,276.93515,222.06306,-336.22452,396.5045,304.06293,-397.5726,268.02548,304.59476,-381.39587,408.12637,313.93433,-434.5083,256.93378,312.29388,-417.95834,397.84326,314.21533,-447.24496,265.02063,313.37567,-435.03323,391.5898,310.998,-405.90814,270.81885,311.48975,-392.13815,352.42218,207.93051,-9.576244,312.79852,208.80753,9.4014435,351.66296,239.51114,230.12845,320.53467,240.17883,239.06554,347.73233,259.2445,502.26688,333.8798,260.3035,512.9207,346.56897,255.69568,527.0612,335.619,255.79907,538.99036,347.9955,288.91876,467.06815,332.63193,289.6504,479.97244
image_025.jpg,263.58517,217.60631,-229.14015,266.91254,217.61539,-249.01895,269.22617,216.9749,-248.9311,271.53925,216.37367,-248.90562,260.57257,217.51619,-248.59798,258.4666,216.89801,-248.61002,256.30002,216.3724,-248.54547,276.0022,207.14468,-282.17075,249.44812,208.18237,-280.62628,267.5663,212.68518,-233.57478,260.1365,212.67683,-233.04147,295.91348,193.83694,-246.73962,230.02191,188.51245,-237.98488,310.9996,246.65784,-250.90521,220.3435,239.54549,-242.68736,327.18185,303.97403,-286.07855,194.79181,302.65378,-284.27765,334.1019,314.15692,-321.6823,188.24814,314.36185,-320.35873,328.47537,316.1405,-328.91696,194.38089,316.53207,-328.25165,324.0135,311.42572,-292.19955,199.71823,311.43506,-291.3551,279.4366,147.61362,-0.05133763,245.47365,146.03322,0.08675091,278.6235,215.15941,1.0303673,235.62146,213.17691,8.256196,274.48724,262.943,117.4123,241.40674,263.4758,132.56747,271.84653,265.9436,126.1539,240.03368,266.0921,141.5464,273.85223,290.6336,50.123875,243.36519,291.82425,71.826035
image_026.jpg,127.71257,209.877,-75.4487,119.60734,202.62514,-94.1469,119.84243,201.05609,-94.196144,120.08771,199.45941,-94.21997,119.35141,203.64748,-66.95205,119.39771,202.8179,-66.96462,119.44081,201.85909,-66.96631,125.58475,187.93024,-138.56058,124.80132,189.15912,-16.727074,138.456,205.92769,-88.478424,138.4451,207.16255,-52.740505,163.76633,195.14023,-199.95578,176.2332,174.45525,75.14539,164.62123,279.5679,-261.52512,175.86797,246.15596,98.99598,150.66089,361.73834,-244.81067,167.6966,296.61868,44.374275,144.8576,378.75967,-285.9362,163.9253,302.89404,53.975765,147.5388,366.17242,-251.52126,160.16522,308.4402,16.521748,153.48651,362.13956,-232.49692,162.87106,307.0653,27.82563,289.07678,192.51819,-81.12189,285.00696,182.0971,81.13989,363.61072,244.33339,-66.73563,359.38107,239.18399,121.878365,448.63846,297.13336,-19.962257,441.13025,286.58606,182.5734,466.717,300.02618,-19.096256,459.25095,288.7436,187.53264,433.5605,336.1647,-76.85549,426.7112,320.4802,144.19533
image_027.jpg,263.67227,220.6793,-398.92365,267.5948,217.13638,-405.24677,269.9307,216.53206,-405.16504,272.35062,216.08739,-405.16742,260.91333,217.45393,-405.6024,258.67792,217.02344,-405.65823,256.45648,216.64203,-405.60864,277.92545,209.44826,-368.92007,249.937,209.01648,-370.01453,268.03464,218.0808,-379.05902,259.99515,218.46983,-379.21985,299.81848,201.24661,-276.87897,228.04134,196.34735,-280.24258,314.9942,253.47635,-276.03827,212.76933,250.70517,-274.4462,329.29895,306.03693,-341.4288,194.23567,304.44086,-331.7438,337.16257,316.2573,-381.7825,188.48532,316.20966,-370.7403,330.22476,317.77872,-391.00522,194.26474,318.15665,-384.74133,326.2553,313.3735,-349.14694,198.33748,313.66302,-340.9376,285.41028,162.7609,1.0130119,246.67883,157.93703,-1.0768441,283.94507,226.89848,8.836355,235.5492,223.22713,11.07516,273.34518,269.0478,162.78424,236.99464,266.9031,169.83795,269.40585,271.34836,174.78845,239.05247,269.5243,182.97272,271.97278,295.44598,98.163086,243.40585,290.4463,108.578476
image_028.jpg,264.58142,226.26439,-423.01837,268.30212,224.95775,-427.58054,270.69284,224.41985,-427.49167,273.0443,223.91888,-427.54877,261.5679,224.78993,-427.1264,259.2929,224.20518,-427.16882,257.01523,223.75296,-427.10535,277.89786,216.55368,-381.78784,251.71806,213.48299,-379.9327,269.2528,223.64984,-399.80423,260.8108,223.48953,-399.13428,300.03787,202.59566,-287.26602,230.28165,201.19366,-291.56174,316.8125,257.4566,-285.57217,213.50748,253.8885,-288.40952,328.95706,307.16974,-355.52374,194.28612,305.1763,-347.10272,336.43558,317.6893,-397.22595,188.10725,315.6819,-387.86322,330.03665,318.90793,-408.39948,192.98741,317.98657,-399.88678,325.98883,314.7972,-363.99197,197.03943,314.21265,-355.50903,285.4995,170.05983,5.0042024,245.86401,166.04237,-5.0141473,283.68512,225.6222,60.72597,231.23729,223.42403,58.96519,269.6368,260.15442,257.0652,235.20428,256.19348,255.12509,265.51895,262.06445,274.2137,230.23695,260.12036,272.68918,269.26147,283.0958,210.38094,230.22203,283.2431,211.93434
image_029.jpg,126.48438,207.78766,-42.81833,119.446625,200.8295,-61.319088,119.76324,199.35205,-61.373486,120.077965,197.81117,-61.392666,119.197525,201.34633,-34.23545,119.33013,200.34138,-34.23626,119.44359,199.19058,-34.23357,125.870964,187.12646,-107.59116,125.45334,187.70586,13.693432,136.67725,204.70929,-56.636177,136.68904,205.59424,-21.048845,163.37717,194.89368,-170.36086,178.3417,175.84991,100.054794,163.54778,278.49927,-228.72578,177.93379,244.1208,127.09563,150.36227,356.58292,-212.67706,168.70836,293.38846,75.86869,147.34697,366.4207,-252.29697,164.9251,298.21603,85.501335,144.71866,364.01685,-217.94168,161.62227,303.06967,48.745106,150.91953,360.98145,-200.1894,164.11708,302.57883,59.855865,292.60205,198.1566,-78.7077,290.0811,187.89426,78.72666,368.2111,246.01457,-45.971226,366.52896,239.16428,123.01009,452.58105,294.90994,13.007433,445.9358,287.31873,192.89024,468.51004,296.37195,15.561083,460.81995,288.28647,199.21796,436.37842,337.01166,-39.86469,428.47845,322.78677,154.28203
image_030.jpg,112.573074,214.48766,-18.385126,106.64535,207.79102,-39.324352,106.746994,206.56102,-39.36687,106.7771,205.3349,-39.364555,106.6249,207.71542,-10.4934,106.73952,206.48018,-10.492638,106.74866,205.22429,-10.477616,111.58395,194.09007,-95.99634,110.95595,194.11069,32.142708,120.32447,211.08408,-35.873653,120.62951,210.93369,1.6014513,156.4477,197.71155,-165.94667,171.69208,173.96461,121.25429,161.3428,282.84274,-211.73459,182.71191,235.77347,172.20102,151.34741,366.47794,-183.17693,172.07219,275.36334,164.15761,145.91376,386.43002,-214.97485,168.85574,276.98926,178.76923,138.88753,371.28287,-185.6153,166.64433,278.78323,152.81583,144.63907,366.93375,-170.72018,168.4764,278.8001,154.15694,270.25696,223.30968,-84.91958,273.58862,205.19037,84.983406,357.05334,259.09314,-79.39183,359.38333,244.88426,119.46867,446.0544,290.04214,-42.135105,440.3879,281.31873,172.85448,462.493,288.26422,-40.770435,457.50784,280.99258,177.2771,439.1213,333.11612,-86.28485,433.56113,317.7315,139.09656
image_031.jpg,113.534546,207.14665,-9.5908985,106.32297,200.82121,-30.715939,106.36176,199.56581,-30.754019,106.292564,198.35408,-30.74638,106.27966,200.84576,-2.0155272,106.333565,199.66057,-2.0104895,106.25274,198.47858,-1.9926149,110.72714,186.83487,-85.9482,110.705666,187.01546,41.999504,122.279724,203.67363,-26.185404,122.759026,203.76729,11.250515,152.91844,188.15483,-153.53313,171.434,168.35081,129.67014,156.38142,270.5752,-196.2678,180.17984,232.73172,166.8012,150.18875,355.6826,-171.43755,173.62888,273.11664,134.22389,146.15953,374.584,-203.39377,169.34727,273.42053,144.28708,138.70644,359.84222,-174.33759,167.09988,278.33875,117.161095,144.16273,356.17615,-159.25046,168.85768,278.962,123.10153,266.25082,219.79263,-82.90406,271.3236,202.17166,82.9557,352.3081,255.61461,-74.72866,355.76727,244.9134,99.24776,443.8603,289.15527,-28.24085,439.24707,282.34183,139.3778,459.59296,287.3077,-25.531336,456.3998,281.3059,142.28513,440.01917,332.94275,-66.20226,435.75525,321.37408,99.38448
image_032.jpg,379.85928,160.85905,33.97253,387.50757,155.5531,42.194424,387.57693,154.77348,42.17693,387.75113,153.86258,42.1743,387.57758,154.59029,20.937433,387.66748,153.16547,20.921207,387.831,151.51376,20.872097,382.67242,141.74097,86.54634,382.636,141.05748,-9.89659,371.91846,159.36371,53.028343,371.244,158.20976,24.712637,326.3517,152.56444,149.1766,350.69067,146.11024,-67.87349,316.56854,215.18236,174.70149,349.8122,217.57333,-105.40751,319.2274,273.92966,152.26369,357.43228,282.58115,-98.38884,329.70316,279.69662,157.60382,368.78574,291.62878,-119.41562,332.15723,280.53748,135.58287,369.8835,290.6071,-99.00795,329.5198,280.29486,141.93675,362.4981,286.69693,-90.38477,238.746,183.11765,62.244724,245.30182,183.04791,-62.21042,174.20946,224.77785,52.71112,169.72589,225.76778,-86.60825,88.87969,233.39755,67.4399,80.54867,247.50645,-87.65219,72.11813,228.08183,67.03413,63.526455,244.46956,-90.289764,83.36802,265.96277,33.4364,85.29293,291.74698,-142.78374
image_033.jpg,375.68994,155.7425,30.114405,382.50903,151.26653,37.48372,382.57266,150.555,37.4634,382.76544,149.64783,37.45483,382.44913,149.5188,16.247509,382.45544,147.76907,16.230742,382.5919,145.77057,16.184855,378.76038,137.60767,80.141174,378.76346,135.1311,-15.978538,367.5127,153.78973,49.142384,366.90594,152.36803,20.918411,324.9748,145.99272,145.54599,345.74185,140.69226,-70.7533,318.15915,209.8254,163.85274,350.49985,211.24225,-104.94657,317.59195,271.3502,134.19252,356.8839,276.68213,-86.126686,328.55756,280.41483,139.85207,367.5975,293.17908,-104.36797,329.65985,281.47498,118.36049,367.90515,292.79028,-84.1396,326.7671,280.2912,124.19815,359.45642,288.50787,-77.770386,233.62636,176.79314,67.10565,237.39117,180.02545,-67.11218,173.94736,221.30153,113.84724,159.12343,226.10397,-75.86778,99.24552,236.1076,166.50432,72.358635,249.3625,-87.30063,84.09343,236.98705,170.41016,53.747177,246.83163,-91.320114,111.467674,266.78418,153.97823,76.106514,293.15805,-138.31874
image_034.jpg,372.69202,157.06967,36.83643,379.3904,151.60704,45.28435,379.36682,150.76956,45.267735,379.40558,149.643,45.272213,379.35962,149.73462,22.608658,379.32922,147.83334,22.59433,379.38956,145.8021,22.5528,374.43396,136.93774,92.72853,374.8511,135.39995,-10.291073,364.28674,154.93561,57.07766,363.57846,153.34097,26.892948,320.9685,148.40215,156.74303,340.96585,140.2295,-71.19964,314.8039,213.91179,178.08127,347.9092,211.89847,-115.25512,314.20447,276.87952,144.90942,349.52457,279.0599,-104.02232,325.41647,284.6375,149.57156,361.5032,296.60648,-125.29026,327.27768,286.04187,126.1554,361.32315,297.5782,-104.89,324.23264,284.87497,133.94128,351.77985,294.04135,-95.67513,227.2491,177.18152,67.61095,229.63106,178.33632,-67.56653,156.77196,224.94386,69.77823,152.55363,229.72397,-67.217224,70.91851,240.59088,83.48018,60.758842,255.41258,-65.49148,54.110012,237.40494,82.78492,47.348614,250.29344,-67.75271,67.18689,280.172,49.256607,65.37436,297.95343,-115.08322
image_035.jpg,369.18286,157.25887,32.998344,375.66022,151.6305,40.08108,375.72443,150.59071,40.06021,375.894,149.3094,40.055397,375.6769,150.55083,17.643677,375.76047,148.89719,17.620193,375.96964,147.06363,17.56901,371.15756,136.49234,83.060745,371.5002,136.38908,-18.198982,360.82108,154.90706,51.913902,360.00876,153.87004,22.201807,315.4709,143.32855,149.64687,335.6634,144.31868,-78.40011,305.2414,209.46126,170.90637,338.80658,219.46602,-113.710266,307.8851,277.4009,143.81378,341.87787,293.043,-94.34673,321.41034,283.06393,149.88403,356.51526,300.659,-115.17743,323.07828,284.0721,127.65227,358.20715,299.24536,-92.58179,318.97418,284.8977,133.08322,350.34155,296.39603,-85.42359,217.969,175.58064,67.89296,221.98743,179.40253,-67.827705,151.05617,227.21439,70.28556,143.1578,229.46527,-69.186844,59.560432,238.46188,86.55412,46.170532,253.48117,-62.375122,43.281826,233.55049,86.18341,31.148571,248.8032,-63.951996,52.556633,279.36493,55.202644,52.04088,297.72205,-108.42809
image_036.jpg,186.62003,119.63295,-407.46857,187.06766,101.69635,-414.54083,191.25499,98.74076,-414.64243,195.46693,95.63435,-414.8623,177.53537,105.08169,-400.69934,175.03383,104.335815,-400.82047,172.46318,103.58311,-400.97632,211.0484,81.5166,-393.02246,178.85805,93.121124,-334.0681,203.7966,123.3545,-393.2,190.639,127.61059,-376.05875,302.67618,94.02796,-371.40137,188.75348,135.67125,-261.44968,358.15314,233.8551,-403.65222,180.84135,252.24092,-236.7342,359.1653,369.65793,-428.92853,172.66718,347.02026,-275.7381,371.66916,386.57394,-485.71265,163.12723,353.47717,-306.57553,348.403,391.4699,-478.89978,169.68904,362.3253,-334.2968,342.04153,385.72037,-432.00903,174.57678,356.44736,-290.8626,343.7667,181.42744,-42.219444,292.4496,201.44504,42.355835,353.91058,251.872,134.9268,308.61453,254.24513,232.86403,381.0613,265.92725,388.74728,317.08948,274.08383,464.3571,387.68036,253.7286,411.47702,345.25708,260.19083,487.87067,382.4989,304.57617,373.7337,329.1751,299.61252,442.64218
image_039.jpg,357.6637,39.754414,-61.355865,363.99033,33.630062,-57.55547,364.01053,32.64326,-57.595837,364.0757,31.466057,-57.659687,363.45697,32.23041,-77.65143,363.04593,30.46207,-77.7101,362.62628,28.398708,-77.740616,358.04056,16.533699,-21.490158,356.91443,15.001964,-111.71537,348.61932,35.770332,-44.054672,347.39554,34.394352,-70.34194,315.15707,13.545644,43.83195,313.9638,19.293367,-146.58739,300.05548,67.900475,64.767334,305.23563,86.65511,-175.53821,297.52142,116.90282,24.431057,304.89218,152.7537,-156.61107,306.80832,122.619804,21.1066,320.132,162.89412,-181.7825,308.43436,124.73039,0.6449446,322.93338,159.45323,-164.87755,305.08347,125.30538,13.509031,316.41144,155.49902,-151.05019,212.18706,28.856989,63.165043,208.43463,39.502117,-63.05836,169.37244,66.67809,163.84229,136.69028,83.755295,-52.122578,114.71863,86.67114,269.55078,49.062096,107.288864,-56.1826,102.31478,86.995026,279.40198,31.950617,102.29368,-60.60783,128.2866,100.781685,279.64386,47.326668,150.38832,-109.57274
image_040.jpg,368.80292,104.010574,-334.3342,375.72714,91.480484,-330.1163,379.2401,89.28743,-330.18518,382.5944,86.90696,-330.28098,364.1765,93.984955,-331.2471,359.8924,93.19911,-331.33206,355.9751,91.756805,-331.41266,387.31647,77.523964,-275.04147,347.56723,81.18149,-279.75888,374.07312,107.257416,-310.58508,360.9085,108.878136,-311.8381,418.25766,115.9416,-223.77187,312.0059,114.6339,-239.82152,426.77048,208.4386,-240.86217,300.05252,206.98718,-256.84235,431.93784,299.77917,-270.1449,292.849,299.94156,-281.15112,443.83444,311.55075,-297.34076,283.60495,314.05435,-310.34946,432.18512,311.9996,-306.17545,296.77762,313.89706,-316.37936,426.70743,308.91708,-277.20123,302.43427,310.26016,-286.13318,386.86877,187.32559,0.03892122,339.55396,184.20729,-0.10223216,383.32336,218.75772,151.0129,342.3971,217.25972,149.60864,377.73233,242.88437,330.7681,347.48175,241.71301,325.60242,373.94788,239.35458,347.08325,349.34796,240.20755,341.14615,378.18134,273.02698,309.6737,347.21667,268.36243,297.0975
image_041.jpg,367.67682,96.90633,-347.756,375.16248,83.65262,-340.51202,378.8491,81.62596,-340.58157,382.3844,79.44658,-340.69266,363.1748,86.213936,-343.21448,358.6322,85.713646,-343.3034,354.396,84.54394,-343.37863,387.26154,71.079834,-278.18143,345.1571,75.65402,-290.2185,372.79016,100.54,-322.22415,359.49783,102.307465,-325.5816,418.1115,118.36082,-229.8989,309.40677,111.702286,-249.28424,422.94937,211.81618,-247.68068,301.1267,203.4286,-268.561,430.89426,300.98422,-279.05978,292.28635,297.18332,-294.30704,444.26346,312.89932,-307.15158,283.39294,313.54593,-323.88962,433.33472,314.09546,-316.90976,296.5809,313.46252,-331.77267,426.4489,310.2466,-286.9088,302.94455,309.24136,-300.12912,385.02423,190.18343,-3.161823,338.32654,186.43599,3.0484457,379.40088,222.73923,153.14745,347.1795,224.27055,162.20982,374.8819,245.77893,336.4355,344.33716,242.50713,336.92847,372.03314,241.17923,352.91367,347.86966,240.26332,352.24997,374.33456,275.0606,316.75455,343.17487,268.67712,309.41895
image_042.jpg,113.41437,208.68985,-1.6770926,106.18757,202.4753,-22.784725,106.24187,201.25943,-22.821033,106.23406,200.04852,-22.810213,106.25306,202.64752,6.8875732,106.40555,201.56296,6.8888454,106.48242,200.45201,6.896712,110.647545,188.89761,-76.63281,110.93425,189.07585,55.420906,121.3268,205.54025,-17.882324,121.89462,205.67178,20.760555,152.12802,190.92575,-143.82042,171.07233,171.07367,145.39224,157.45122,266.71426,-189.15477,181.9289,233.60197,185.17793,149.59877,353.41318,-167.58348,174.29956,276.9408,153.56082,147.29437,355.3511,-199.28723,169.31726,277.5366,163.66298,141.71196,352.72418,-171.82771,167.12802,280.82953,138.29433,147.0794,349.18552,-155.9304,168.77197,281.53198,143.17014,265.99734,219.45445,-84.27383,271.5293,200.78365,84.330864,353.26068,256.9232,-89.06234,355.32193,244.80403,107.31326,443.62686,290.1722,-59.58225,437.54926,282.0547,148.46933,460.5646,289.43848,-58.87441,455.19107,281.9128,151.58789,437.76178,334.641,-104.667854,432.00296,321.84647,110.54984
image_043.jpg,114.13786,206.23135,-9.41868,106.90021,200.1771,-30.74448,106.96279,199.05374,-30.790308,106.97646,197.81339,-30.776466,106.82014,200.1566,-3.2188218,106.857574,199.06071,-3.2180111,106.82267,197.79527,-3.199568,111.75267,186.53296,-85.93912,111.78025,186.33649,36.39681,122.81529,203.51675,-25.795574,123.20948,203.60683,10.008146,152.60733,193.87721,-149.5126,171.35823,168.38339,121.664116,158.67758,276.33774,-187.51157,185.45251,232.25598,161.13115,149.22144,357.07486,-166.45926,176.38284,276.67627,136.58919,145.34431,374.50342,-197.36429,170.56621,279.12,146.64459,143.11781,360.07773,-170.591,168.80127,281.50824,118.12619,148.23221,356.7334,-155.36008,170.50847,282.08658,125.03764,264.89618,228.13031,-80.34046,271.78915,206.94528,80.36351,353.60883,262.02924,-69.45395,355.5031,246.81921,107.54547,441.47867,289.0483,-31.978186,433.81427,279.2629,154.9523,459.9403,286.09753,-30.379396,454.65375,277.638,158.80954,437.69806,333.05695,-71.96205,430.37985,316.76932,122.19702
image_044.jpg,108.56778,202.94666,-14.496866,102.96544,195.83472,-35.095783,103.13112,194.44554,-35.14273,103.19863,192.96597,-35.129013,102.77216,196.12877,-6.6835985,102.83401,194.96448,-6.6805983,102.77625,193.62057,-6.6624074,109.21793,181.89006,-90.008255,108.75006,181.52632,35.721077,117.16232,200.06522,-31.386951,117.51799,200.37448,5.350212,155.1376,189.98193,-159.10815,171.67845,169.88414,119.77278,159.05005,273.0598,-196.98123,180.2147,232.48924,152.35762,147.58269,360.69275,-173.6088,173.86009,272.60605,121.260155,143.22699,377.91153,-204.68506,170.19003,274.73334,129.53105,141.12224,363.8676,-178.9453,167.53705,279.14496,101.48924,145.98354,359.923,-162.75838,169.2027,279.36746,109.44608,262.29147,229.82913,-82.413765,268.73602,210.73363,82.42683,351.81543,263.43698,-75.089584,354.71527,250.34505,97.10628,444.60046,291.14307,-36.291077,438.18524,281.3135,133.90747,461.5146,288.8371,-34.633728,456.4295,280.22314,136.27643,440.03827,334.80664,-78.88508,435.0646,323.3273,95.96517
image_045.jpg,165.51587,142.25655,-430.38675,164.80832,131.47557,-437.94144,166.95938,129.81264,-437.94452,173.21349,126.93039,-438.01227,160.75905,133.82143,-426.89874,159.68794,133.1958,-427.02234,158.0797,132.59798,-427.07184,177.52707,117.01464,-402.1185,158.35364,127.86264,-354.92892,179.66577,142.64127,-409.9148,168.4242,146.01869,-395.99512,221.62727,121.119415,-345.28455,166.88922,148.80228,-261.07794,248.90697,184.23918,-367.13107,165.72604,217.68066,-252.90419,268.7407,279.8168,-393.38644,162.74197,280.03357,-298.7067,266.0662,291.57483,-437.134,154.18367,288.16498,-323.16245,255.6342,290.94977,-429.4049,156.81258,288.65723,-342.41263,255.58032,287.15988,-394.01953,161.9412,284.328,-307.4327,261.00427,142.17111,-38.72246,228.86823,155.90106,38.635242,280.08093,195.90276,155.56033,261.87738,197.17574,222.34778,305.2937,206.31726,380.20905,287.31696,198.72958,448.10965,310.8736,203.77214,403.0376,293.3979,194.0429,472.30115,308.42062,229.49832,377.92944,301.18472,217.68326,443.591
image_046.jpg,182.86743,134.50986,-459.56757,184.75644,114.89251,-469.38846,189.72398,111.708595,-469.38284,195.19362,108.487526,-469.5043,174.973,118.31756,-455.4715,172.77592,117.264046,-455.7263,170.53699,115.87978,-455.89838,214.11327,89.83447,-434.81232,172.35248,103.72143,-378.7118,199.38226,136.11647,-439.73364,185.7571,141.52654,-423.1699,299.48654,110.44738,-401.60178,179.75789,131.35463,-284.80878,355.34387,253.06857,-410.37192,176.70554,256.64044,-231.70013,353.02682,377.69107,-421.19135,170.09589,354.61377,-272.31433,354.69638,398.7093,-479.94818,160.08018,365.51828,-306.99924,334.0965,397.46664,-479.33557,170.9501,376.689,-338.49585,330.96036,390.8811,-427.1255,175.41888,366.5615,-287.43887,354.0144,155.52394,-54.036434,289.30017,167.19894,53.72571,346.61386,223.13841,155.87161,301.74475,207.74765,248.21033,361.4937,239.40192,413.3047,325.11774,234.55537,504.0862,365.3655,230.52011,438.4795,328.96158,230.52693,531.8003,349.33044,279.16452,419.60303,331.30792,270.71307,514.76056
image_048.jpg,114.5976,207.32706,-7.7208967,107.57456,201.23276,-28.976643,107.60728,200.02644,-29.025494,107.59083,198.70912,-29.009806,107.48584,201.18227,-1.4193145,107.47909,200.011,-1.4267261,107.40732,198.67613,-1.4216905,111.971954,186.78172,-87.418625,111.86099,185.95712,35.098415,122.99001,204.16878,-25.551472,123.505264,204.08598,10.24244,153.65001,197.28265,-156.44653,171.37473,168.26868,118.51974,158.76558,280.38663,-198.06096,185.36809,226.30371,178.50826,149.45041,360.404,-177.18623,172.81972,275.2321,188.10881,145.3696,378.4902,-207.6305,169.11546,276.60266,204.74559,141.33794,365.03564,-180.76457,166.49728,281.7162,175.6318,146.22469,361.201,-165.85641,167.93346,282.09708,177.37689,262.63208,231.40181,-83.31591,269.69916,208.52924,83.37392,353.25302,265.57898,-75.01057,354.638,249.29668,113.699554,443.78787,289.9533,-45.074875,435.04425,277.8776,168.88388,460.68512,287.54202,-44.159195,454.3847,277.58395,173.52583,437.6375,332.99908,-86.1252,432.06604,318.42758,138.30376
image_049.jpg,110.83321,204.12581,-18.324614,104.588615,196.71341,-38.48726,104.77844,195.4112,-38.53237,104.94131,193.96097,-38.5227,104.36899,196.88335,-10.466642,104.44434,195.75441,-10.467102,104.47758,194.43497,-10.443984,110.827934,182.4187,-91.79158,110.36162,182.0583,32.240376,119.073784,201.68468,-34.689934,119.41192,201.90378,1.5820879,156.08841,193.5839,-158.87805,172.52057,171.49945,116.55344,159.41861,276.24734,-199.29208,182.04047,234.1869,154.7572,148.14374,357.00793,-182.96436,171.50662,279.24225,129.7732,149.4231,365.05966,-215.30605,167.72383,281.42935,139.67259,141.86671,361.45282,-188.45137,165.783,283.41187,109.56749,146.78271,358.15448,-172.07367,167.2514,283.86826,117.34403,262.4389,231.43219,-82.08013,269.46887,212.07562,82.09904,351.61383,263.8977,-76.43526,355.07242,249.32385,96.1475,444.42212,290.73322,-39.585297,437.3762,279.65906,133.97829,460.2781,288.20993,-37.99859,455.88794,279.6784,136.60081,437.46774,332.97507,-83.30857,433.187,320.3757,95.75615
image_050.jpg,129.09981,156.10863,-213.62268,123.14178,148.27249,-226.14717,123.79479,146.72276,-226.16988,124.475266,145.18198,-226.21771,121.682365,149.37364,-207.35692,121.229485,148.58186,-207.42023,120.72723,147.59184,-207.47473,134.24347,133.61378,-242.3325,129.69537,135.19955,-159.0773,139.2141,154.09567,-215.85422,137.17136,155.87288,-191.5785,198.30302,139.20229,-250.07234,160.01547,138.30637,-84.01904,210.77303,217.52782,-258.20398,171.19498,198.94435,-44.44247,214.31105,290.7016,-262.96637,168.61969,257.92896,-74.86762,205.56075,300.64374,-298.12833,157.77061,265.47607,-84.68609,198.52237,296.22693,-291.91296,159.08578,266.95895,-109.35074,200.53485,292.25977,-262.3688,164.56447,265.35187,-86.58753,282.01672,169.32498,-48.099754,257.78998,172.83888,47.924534,323.25055,208.92812,77.17668,303.328,214.91713,182.65242,369.88217,217.57071,222.85309,353.25473,221.9371,325.34113,381.89804,212.55656,236.03108,362.39386,217.3767,340.35886,366.69687,249.48384,209.30936,353.96072,247.12715,329.0602
image_051.jpg,128.1656,155.53033,-206.89928,122.22287,146.195,-219.8087,123.0877,144.83487,-219.83319,124.010864,143.43738,-219.88109,120.77597,146.94304,-201.12419,120.56426,146.09288,-201.18124,120.30827,145.07431,-201.23833,134.2228,132.48534,-237.80627,130.20721,133.45761,-155.12033,137.94986,154.3731,-209.75557,136.55997,156.17104,-185.66628,200.2975,138.72627,-243.9726,161.71333,141.54129,-82.37665,214.60432,217.93729,-250.08273,168.64555,199.94669,-47.044765,214.079,290.8534,-254.53458,167.82509,259.27124,-76.52403,204.12154,301.54016,-289.52115,157.03822,266.84677,-86.440865,197.77016,296.858,-282.61426,159.6113,268.19434,-110.79163,200.27821,292.54877,-253.69449,165.31432,266.66,-88.07107,278.87643,170.5128,-46.813366,254.53491,175.14482,46.638103,324.04672,213.05031,66.18892,302.77142,217.00826,169.8385,370.73026,216.39067,200.96188,355.09866,222.31432,303.89566,382.18735,212.35062,212.9047,364.23785,216.06113,318.0626,367.81693,249.89796,184.81088,355.02856,248.25851,303.86136
image_052.jpg,123.11275,155.35805,-196.80931,117.991974,146.0333,-209.03072,118.93472,144.87598,-209.05887,119.87382,143.71971,-209.10263,116.36786,146.55537,-190.49919,116.209076,145.80994,-190.54926,116.08566,144.99025,-190.61168,129.63495,133.95583,-227.15804,126.42543,133.96094,-145.44832,133.46854,154.99277,-200.05635,132.04326,157.10118,-176.24335,197.22058,140.35144,-234.95122,160.46977,141.53822,-73.91883,211.82808,216.95732,-240.01059,168.6654,200.38982,-38.22349,213.32242,290.02194,-242.21606,167.72548,260.30194,-65.9951,204.60298,300.863,-275.7915,157.17715,266.963,-75.84129,197.53398,295.85202,-268.73807,159.83554,268.52075,-98.69984,199.65118,291.2056,-241.1087,165.3027,267.32306,-77.05846,275.814,170.72417,-45.49783,252.05415,176.68175,45.32006,321.7373,211.34605,70.14496,301.13318,217.65575,168.2757,368.81027,216.85513,205.55267,350.86978,222.75743,303.13416,379.48596,212.0618,217.557,359.19583,217.76065,317.3901,369.4998,250.19875,187.84315,350.999,248.13002,303.5238
image_054.jpg,247.40433,56.83033,-217.19229,261.29633,49.352306,-241.19803,266.16644,48.341557,-241.0956,270.77893,49.500614,-241.08115,238.52296,50.693905,-237.8405,241.82465,47.653717,-237.80412,226.97505,51.995476,-237.7246,277.28848,43.305073,-276.52246,217.8402,39.006996,-262.6852,261.36557,43.364857,-221.51344,246.3733,40.89761,-217.53473,310.33005,29.003954,-220.31084,185.8554,24.368383,-222.87367,326.48526,108.432396,-188.66933,153.2295,101.547424,-193.29602,323.50043,192.01169,-217.95888,163.95914,191.84753,-218.19499,334.67853,215.80052,-253.48268,152.01018,214.8189,-257.32178,318.07468,215.27356,-265.85318,166.74297,214.11055,-271.4097,311.04373,206.40724,-225.72739,174.72574,204.94492,-226.83797,282.81854,-62.714935,0.4301443,217.0325,-60.282085,-0.3445148,285.2472,35.149506,78.66902,209.6186,34.512386,77.376625,270.37177,62.160305,298.14716,210.78975,63.55339,284.98434,274.59818,64.089584,319.23947,204.37083,77.2441,306.35672,280.30695,92.339035,285.7052,204.27269,103.25097,273.43976
image_055.jpg,251.78447,36.606472,-490.8716,257.17856,37.090797,-511.29547,262.21735,36.436462,-511.19083,267.09802,37.060913,-511.24072,243.53583,35.172134,-506.7722,239.28163,34.636288,-506.798,235.22441,34.725655,-506.7254,277.07346,29.603477,-494.48776,218.30133,24.72712,-474.6962,260.39804,35.54999,-472.402,239.06523,44.399307,-466.73264,310.60312,22.506786,-375.00024,186.14038,16.879635,-368.35025,324.3134,108.07303,-338.16876,160.3286,100.59528,-340.4341,323.36047,193.29182,-401.45728,164.38245,191.16231,-404.52505,335.42572,213.63322,-454.26468,154.16553,211.10577,-461.0837,318.03665,215.40126,-470.87445,166.40599,211.34354,-477.41708,311.13528,209.08905,-412.59546,172.80722,204.32748,-415.93802,282.94934,-46.387283,-0.18483949,219.57227,-48.776276,0.3946901,291.30606,40.865196,121.669174,212.19028,42.052418,123.61323,277.52466,62.45477,430.27176,207.03186,65.363815,423.6203,250.37447,67.406654,460.32822,207.98264,66.0758,454.49365,259.59604,92.20407,405.64542,206.17824,91.37945,408.27332
image_056.jpg,258.45557,18.090267,-249.76138,259.72842,18.037706,-260.57166,259.93793,18.496864,-260.52588,260.1434,18.942698,-260.61517,258.867,17.462435,-258.2328,258.1806,17.454935,-258.2271,257.49026,17.449667,-258.16895,258.14438,22.257248,-250.66129,255.73099,19.570932,-239.94046,257.15796,19.527477,-238.5539,255.24797,18.87934,-235.9054,253.71065,34.25817,-177.572,251.45105,23.186243,-172.24875,246.95088,65.35545,-99.4582,251.83102,41.120968,-80.796715,252.34442,76.34173,-57.2138,254.03143,55.020443,-33.42478,255.18977,81.249115,-62.896076,253.70753,59.727013,-39.677654,255.9529,77.553085,-69.943504,253.53633,58.567814,-47.178146,254.6382,75.65486,-58.89952,253.65231,57.943726,-35.18063,250.3769,0.5405751,-2.2109046,249.33128,-5.738392,2.2581642,238.5015,46.3805,119.25574,244.78105,34.323692,138.48994,232.99446,72.72861,288.9654,231.19885,65.56624,303.2291,233.7807,75.00772,306.73325,228.60204,69.67703,320.10852,227.89366,84.31126,283.57205,226.12675,77.620514,296.4092
image_057.jpg,240.84402,178.06169,-166.6468,247.31589,186.26184,-185.56613,251.78899,185.90448,-185.54718,256.6484,185.19864,-185.59773,236.2091,186.29587,-187.89563,232.48537,186.19296,-187.9501,228.46237,186.03989,-188.03401,265.96735,174.1954,-218.42569,218.48622,174.19716,-229.66585,246.81238,165.89653,-170.80685,235.13098,167.00171,-174.2987,299.92126,126.55901,-199.0733,184.45181,147.56229,-214.9414,305.26343,210.01132,-184.85196,164.36874,201.99246,-182.91882,303.73218,275.3749,-217.42833,165.80704,270.83597,-201.7748,314.92477,298.11163,-246.62756,158.45149,296.96692,-232.81807,297.78568,295.60403,-257.6703,170.30415,293.7595,-236.45938,291.2921,287.86417,-223.47115,176.44827,284.1057,-204.93358,267.73932,47.57447,-8.008396,208.49298,47.32355,7.572677,267.3003,38.814335,205.49684,193.62854,46.04006,218.23291,252.9111,25.271524,415.4986,222.41223,25.936008,427.74933,252.95804,18.726295,438.27368,225.28363,19.667147,451.0193,253.04773,36.33258,442.32144,221.83345,39.9204,460.38095
image_058.jpg,239.76227,173.34004,-127.01839,246.29416,182.42871,-145.52736,250.82278,182.16858,-145.51207,255.76715,181.47095,-145.56128,235.01604,182.08432,-148.03328,231.18227,181.90121,-148.08105,227.07843,181.68718,-148.17096,265.51926,169.77577,-186.9682,216.76541,170.94113,-198.41998,245.48415,161.4165,-135.0524,233.81679,161.72862,-138.53194,299.46695,125.2247,-174.25198,172.79561,129.48065,-191.47841,302.12997,208.36237,-166.55074,163.502,199.68718,-160.25327,303.1885,274.87335,-199.6248,164.6937,271.99774,-181.95074,316.4581,297.15665,-227.56021,157.61386,298.40546,-213.31912,298.39117,297.1388,-238.57277,169.50034,296.77914,-216.73607,291.2826,288.13702,-205.50697,174.97571,287.25436,-185.0909,265.67865,37.7938,-5.9533844,205.78842,38.02421,5.5150285,272.68924,53.804684,202.00304,190.58383,61.35123,211.37108,253.95804,32.030067,423.9583,216.45999,37.720226,428.06665,254.32512,26.697683,447.67532,218.782,29.27446,451.53967,262.44373,51.036934,457.80423,212.43501,46.5705,466.08914
image_059.jpg,237.71625,173.28459,-136.95053,244.50563,182.4979,-154.99875,249.0523,182.30676,-154.97537,253.96768,181.70631,-155.02203,233.21588,181.98497,-157.95772,229.41438,181.77005,-158.0001,225.29692,181.5629,-158.08163,263.4443,170.12796,-192.98515,215.17584,171.05957,-206.6532,243.1711,161.17476,-143.74474,231.93628,161.80032,-147.83492,296.92078,123.33971,-177.39691,169.7425,129.01309,-199.1144,302.86548,207.003,-170.62883,160.39688,196.42445,-164.9723,303.53372,275.21402,-204.377,163.3287,273.13324,-182.97583,315.42252,297.44617,-232.36523,155.79944,300.42386,-213.96796,298.76462,297.06735,-243.06519,168.68526,297.7399,-217.42554,291.3181,287.44012,-210.15872,173.99538,287.55063,-186.12758,264.3164,40.627693,-5.673917,203.81737,38.91318,5.2260914,273.41513,53.19336,206.61302,191.53433,60.86869,213.13881,257.06647,38.97689,426.4385,216.34048,39.288795,430.45276,256.20325,29.285769,450.14575,219.22429,30.715286,453.93842,262.2071,51.527107,458.98642,213.57634,47.797592,466.35605
image_060.jpg,118.2404,187.67715,-34.491684,112.05478,180.58276,-52.725246,112.25498,179.48442,-52.741215,112.560585,178.36852,-52.7166,112.17643,180.55664,-27.096157,112.43813,179.44229,-27.108944,112.79952,178.20818,-27.080442,120.81203,169.13991,-94.687065,120.84964,168.54662,18.251137,127.316895,187.50519,-46.662914,127.71672,187.4082,-13.442357,165.78586,187.24939,-149.98509,180.93906,162.84396,104.011444,176.55742,269.61066,-174.97008,192.11295,230.7175,129.10345,172.15572,346.8317,-154.64296,186.50499,286.89932,88.81818,161.02026,355.22424,-185.5738,180.14806,288.3226,97.4418,157.80383,352.02292,-158.3009,177.46985,290.5658,65.20147,162.28511,349.11697,-144.10904,180.28873,291.5765,75.10339,282.9797,210.51913,-74.87506,285.30087,192.84961,74.85609,366.85928,251.45842,-76.11851,368.23373,241.6457,85.53588,454.1775,294.50308,-51.27442,448.77435,286.0729,106.38622,471.28476,293.84476,-51.6993,465.0971,286.11636,106.96886,445.73343,338.22235,-99.186516,440.57047,326.201,66.92126
image_061.jpg,117.61026,194.93593,-40.17314,111.29157,187.88333,-58.586094,111.52251,186.55737,-58.60447,111.85071,185.17053,-58.594097,111.25006,188.06459,-33.108833,111.41145,186.89772,-33.119217,111.63574,185.55289,-33.094784,119.791504,175.06502,-101.42924,119.27686,174.75494,10.751899,126.811264,194.09244,-52.49774,127.32093,194.32748,-19.496552,165.12685,191.68771,-153.9447,178.1406,166.846,96.683556,179.1557,272.5558,-175.5421,193.57658,232.35602,127.75968,173.00406,347.98987,-155.8481,185.68571,286.81644,95.164154,162.2738,356.31723,-185.38298,179.58423,288.73135,104.3698,159.0144,353.59717,-158.80067,176.75276,291.6236,73.54284,163.17914,350.7678,-145.44838,179.48393,292.8818,82.01921,282.74545,214.20595,-71.5107,283.84348,195.57307,71.50986,366.90143,252.86736,-72.54738,367.6247,241.06195,86.7848,452.6034,292.61948,-45.339146,446.8147,283.8589,112.081566,468.30804,291.4789,-45.201912,462.56445,283.91098,113.43448,446.81912,338.0911,-87.23304,442.08154,326.11057,77.30591
image_062.jpg,174.1585,133.46735,-301.82242,173.53006,123.42599,-304.78345,175.65462,121.521385,-304.82645,177.89635,119.4408,-304.9107,167.99495,126.36464,-293.3374,166.38063,126.540695,-293.40695,164.85695,126.575966,-293.48056,188.27032,110.00888,-281.1442,169.56737,119.12585,-231.64595,184.23376,136.26501,-290.01077,178.06415,139.55052,-275.54694,238.97652,124.81987,-262.068,178.43304,148.74493,-166.83673,275.3341,207.45575,-281.81146,175.11629,217.84131,-155.85135,287.7535,283.89468,-304.25946,162.61044,283.38602,-204.96216,290.04816,296.77798,-339.17694,151.62944,289.06342,-224.4247,281.9642,297.37286,-340.37726,154.81522,292.12903,-245.7686,280.50513,293.13892,-307.05612,160.4326,291.1024,-216.85506,275.2851,193.86769,-35.22557,245.499,202.57533,35.169247,297.76288,230.21408,124.09939,268.32816,236.85489,191.39922,310.54843,251.43507,309.97998,299.6622,249.51389,370.58798,314.50797,247.69101,326.3588,303.0577,243.62286,388.52176,317.7889,276.68326,280.58594,299.3431,273.24255,347.22546
image_063.jpg,141.29811,149.96175,-240.80667,139.59572,139.80116,-246.5162,140.9355,138.19943,-246.55563,142.42786,136.3466,-246.615,136.27269,142.4688,-234.89272,135.43639,142.58795,-234.9843,134.46288,142.60957,-235.08212,152.65575,127.10738,-239.95595,140.29884,135.44467,-189.76936,150.94437,151.7881,-235.3862,146.60706,154.81143,-220.67879,208.72919,140.28175,-232.71164,156.59372,159.84103,-127.08648,239.1307,213.25328,-243.46469,156.3962,220.49977,-107.974976,250.46866,286.943,-258.52603,144.63039,282.4118,-141.99136,251.7518,296.27954,-290.00705,133.35754,288.52463,-155.31596,244.27666,296.04108,-289.93182,138.36024,289.5925,-176.3892,243.7568,293.28894,-260.94275,143.75185,288.00626,-152.60014,258.13895,200.04329,-38.07883,228.99275,208.51242,38.00231,277.58136,240.84291,85.80711,261.10175,241.2147,162.4573,299.9812,250.47757,241.46024,283.56772,251.31088,313.72574,306.5928,245.76042,254.63504,289.6519,248.12364,328.91504,298.83224,275.4523,223.35707,285.28665,275.42096,307.62656
image_064.jpg,246.26685,129.65941,-418.99075,251.3922,119.16566,-417.10632,253.43184,117.66235,-417.24448,255.56743,115.70006,-417.48444,243.72829,119.263466,-428.8107,240.0729,117.95297,-428.86826,235.97707,116.18319,-428.8711,254.86087,104.06911,-360.25412,221.30367,103.75422,-408.3283,244.8809,134.18085,-390.88904,235.69388,132.6102,-404.73917,270.01685,131.18439,-280.6219,166.71211,122.775566,-367.5521,296.63486,223.09692,-280.2999,153.84251,224.01096,-375.31824,308.73282,300.15366,-340.7833,137.98476,321.36197,-402.38522,319.34546,314.99277,-368.81424,136.08861,338.5436,-446.21844,314.09738,316.27618,-392.28775,148.88486,336.2571,-449.0364,308.02985,312.87628,-352.83032,149.36684,331.7858,-407.33295,183.3276,175.39989,23.496233,138.08684,166.31367,-23.42675,153.03328,207.24731,237.90018,124.054955,200.03314,197.15752,131.24725,221.3037,480.38794,106.9895,222.3983,432.46997,127.74718,219.42703,506.01917,103.349014,217.56238,454.98856,131.6721,252.52466,480.12537,110.03386,252.2159,418.57025
image_065.jpg,257.784,128.35402,-380.12137,261.77548,115.6011,-373.2833,263.32822,114.15017,-373.45486,264.82443,112.46865,-373.75885,253.75963,116.55361,-385.56763,249.30347,115.8123,-385.61197,244.27675,114.52901,-385.6082,260.01184,105.14275,-315.87616,225.91855,106.43749,-366.48148,255.6102,135.22375,-354.0491,246.0088,134.19263,-368.65677,270.9109,135.24905,-241.81615,168.52103,131.69627,-343.26053,299.51474,231.68083,-243.82104,149.31972,239.76912,-353.4272,313.8928,315.47357,-304.02057,136.96574,341.75458,-389.19608,325.26843,330.8703,-330.74692,138.32848,363.75986,-438.68393,320.52118,331.87512,-353.1103,148.01591,359.5358,-435.9623,313.95084,327.9744,-316.16772,146.6666,353.8036,-393.45117,178.60724,176.56517,28.921247,133.12033,172.87883,-28.792107,144.9912,213.57903,215.6236,115.336555,205.0552,163.63536,122.56439,229.7329,441.36798,94.96061,228.32272,370.6243,118.809875,227.39201,465.86823,91.407974,220.25337,390.537,126.76048,260.43283,448.057,99.04409,262.595,354.90524
image_066.jpg,78.40967,183.44559,-24.091759,73.74648,174.51715,-38.43193,74.352135,173.5364,-38.458424,75.05107,172.47095,-38.433292,73.63961,174.78969,-14.980199,74.0829,174.02364,-14.975104,74.55325,173.11641,-14.939554,84.69066,166.2062,-68.909515,83.68917,166.10378,34.6801,86.88912,185.09654,-33.42811,86.90457,185.68176,-2.8415048,118.461006,177.11948,-121.88136,133.84023,170.7023,111.85956,115.761665,246.09564,-161.89381,134.19722,237.07936,124.55725,106.2185,308.6378,-166.05988,129.62279,292.6835,74.047935,92.792755,315.38202,-200.13048,118.49464,292.76495,80.08688,89.80903,312.64456,-174.42908,116.73829,294.99274,50.163086,95.946266,310.67377,-157.15585,119.55437,296.99777,60.65488,227.7271,184.42177,-73.48108,231.25095,179.32953,73.50511,302.89883,228.14125,-87.92835,303.92264,225.76147,73.06103,378.98483,271.91678,-69.300514,374.01462,266.7309,95.52915,401.6639,275.42062,-70.8928,391.80334,268.0108,96.18705,364.8945,306.3747,-126.359825,362.04523,302.1521,50.307503
image_067.jpg,77.08982,182.79396,-29.073627,73.14702,174.41158,-43.23167,73.79485,173.38351,-43.25949,74.47539,172.29982,-43.234356,72.68022,174.98128,-20.147625,72.997116,174.32579,-20.146107,73.28528,173.57288,-20.112135,83.93134,166.12485,-73.123604,82.54243,166.81685,28.850163,85.60357,184.37968,-38.214745,85.13127,185.0838,-8.142955,117.93606,177.954,-125.851036,133.64322,169.86607,106.543236,115.45206,245.5448,-165.77858,135.18651,235.14952,117.68998,106.90112,307.3938,-169.57236,130.27682,290.71207,67.82269,92.976364,314.60034,-203.05013,120.245445,290.77237,73.31802,90.307816,311.68475,-178.74712,118.90273,293.41248,44.326878,96.93433,309.59238,-161.22711,121.36476,295.50473,54.797596,225.78363,185.86845,-73.176254,229.6215,179.34409,73.18559,297.72565,226.48769,-94.76126,299.2714,224.1969,74.35302,375.31976,267.49625,-77.897675,370.96237,262.60928,90.746635,396.88602,270.2667,-79.57442,388.53433,263.5998,90.60274,364.79926,304.756,-136.35068,362.09753,299.87915,44.38884
image_068.jpg,75.72511,178.99355,-40.34371,71.646355,170.43024,-53.97267,72.36184,169.4516,-54.003494,73.15315,168.40567,-53.981934,71.60391,170.74832,-31.415733,72.23911,170.0251,-31.427547,72.89409,169.18158,-31.39408,82.83093,162.37846,-82.6551,81.88035,162.35739,16.94966,84.3734,180.58388,-49.073906,84.609314,181.32095,-19.659657,118.44229,175.56062,-133.16151,132.9945,167.70042,92.115265,111.73392,242.85222,-171.47433,131.89702,235.50984,100.50954,106.94492,308.1793,-176.2299,127.52103,293.53903,55.126007,93.59557,316.66077,-210.0093,116.8809,294.6509,61.16018,91.4647,313.47186,-184.57129,114.62408,297.31558,30.411823,97.34297,310.9411,-167.46814,118.071815,299.10672,41.366592,225.22807,185.72968,-70.9964,228.29329,179.06032,71.01583,297.99237,228.2313,-80.49406,299.1242,225.81908,74.84726,375.64755,268.23203,-57.56309,370.01123,263.38922,100.43457,398.5327,269.8695,-58.65125,387.801,264.50165,101.22172,364.25812,305.68842,-113.5594,361.1851,300.04697,55.83293
image_069.jpg,78.00293,174.25203,-37.129692,74.1462,166.61589,-51.80347,74.70373,165.87907,-51.835293,75.3031,165.0974,-51.81018,74.248856,166.89174,-28.063427,74.87848,166.3621,-28.070162,75.49981,165.75783,-28.037594,84.92999,160.89302,-84.49246,84.32128,160.79927,20.56172,86.99544,176.89825,-47.418507,87.041084,177.47131,-16.515104,118.01571,174.04848,-141.20656,133.12054,166.38673,96.87273,112.2008,242.47533,-182.85532,132.2694,234.22467,102.94752,104.47241,307.11606,-191.71487,128.21614,292.23904,49.890564,90.41148,314.9507,-226.95663,117.97427,294.0248,53.32117,89.0523,312.15472,-203.13998,115.340706,296.41312,21.866941,95.21632,309.7255,-183.65984,118.094986,297.78384,35.262215,226.08502,191.58217,-76.43132,227.99557,186.79642,76.43226,298.9558,230.58153,-99.98597,297.73703,229.01657,77.35748,379.39648,269.98682,-81.54207,368.72168,263.51508,105.93472,399.01248,271.0287,-83.236145,385.427,263.79825,107.16428,368.21063,305.95135,-143.75418,362.1462,299.55566,64.573906
image_070.jpg,366.80524,160.72183,-136.03609,371.72348,149.39523,-127.43021,371.7404,149.11102,-127.496506,371.79166,148.8573,-127.62114,367.99844,147.49023,-150.5869,365.27582,145.64548,-150.65208,362.42184,143.62843,-150.67984,358.81824,144.07404,-78.77546,347.8149,136.61833,-181.54413,356.95612,164.96219,-115.28071,352.1526,162.51414,-145.20386,322.0567,166.75691,-20.60352,290.30124,158.80582,-201.71898,301.99005,235.13158,15.295601,269.7448,239.84273,-195.73523,309.6816,301.06976,-1.588452,281.74536,319.19717,-183.72325,322.92612,307.8494,-4.4593062,295.28854,329.19357,-216.30353,323.4766,309.9205,-30.725939,301.8034,326.74615,-200.81029,317.0712,309.2372,-12.986538,297.58115,323.3759,-179.7517,209.453,201.31738,53.922745,185.02962,189.24437,-53.68673,219.30896,270.24854,124.80037,128.75012,237.2926,15.359005,132.21855,254.80806,228.61833,71.34289,266.97656,91.16013,121.31908,244.65407,239.2821,55.629974,265.44492,96.20358,123.20935,283.94247,248.97482,75.74788,300.89664,67.57809
image_071.jpg,376.64777,165.7569,-162.58516,378.95862,155.9885,-153.51854,378.70105,155.79922,-153.56793,378.4889,155.69164,-153.658,375.9953,155.17746,-178.8864,373.61157,154.25623,-178.96692,371.2591,153.29129,-179.02733,364.07446,153.02196,-99.59785,356.46658,148.85193,-212.6903,366.38712,172.04068,-139.12148,362.89386,170.25084,-171.9643,325.82645,176.2598,-28.137571,298.76855,175.96246,-236.18578,303.1352,240.90215,8.07114,268.7948,243.86111,-235.68793,311.76425,301.3942,-20.521917,281.6007,319.1614,-247.0873,325.07413,304.48642,-25.277706,295.83868,329.0416,-287.23523,325.78824,306.4109,-53.853188,302.31332,325.61414,-272.6603,320.04416,307.07864,-33.041054,296.71133,322.15268,-243.97456,218.44875,216.38092,61.192238,196.96147,208.92363,-60.984642,199.61758,261.80856,188.41177,139.09077,251.40929,45.54973,152.91612,254.51462,328.8201,69.99205,269.17215,162.87648,141.66142,247.25449,343.9698,55.969376,266.2816,172.87228,143.18707,274.8122,353.62543,77.85213,305.1284,141.82266
image_072.jpg,338.58197,178.0241,-297.71487,344.63678,170.1335,-287.28522,345.84378,170.16484,-287.32977,347.0213,170.07574,-287.45584,338.7469,166.64226,-304.83643,335.32947,163.78027,-304.9032,331.59354,160.59837,-304.91837,337.71997,165.84305,-218.02823,320.0141,153.23831,-296.0584,332.90634,182.55162,-268.8351,326.4127,178.38814,-291.5972,311.41446,192.33934,-131.84557,271.11176,177.26357,-292.7856,300.3246,249.24399,-79.02688,243.69244,245.7366,-296.88718,310.25864,305.09308,-114.82401,253.91,310.37576,-332.26654,323.5866,310.38922,-129.73094,263.42343,319.72986,-376.01434,321.60626,310.44476,-157.52779,269.223,317.4225,-373.18228,314.63934,309.3829,-127.52867,267.05096,314.5658,-334.62735,225.37154,223.7019,50.348587,198.79224,209.65369,-50.341286,224.72884,272.2458,197.64975,155.12436,245.70752,83.25968,186.98178,268.18506,377.74313,106.51766,267.55667,238.14294,170.53172,264.53973,396.72873,95.8085,266.40683,252.97502,180.8879,299.16934,394.41367,108.776596,295.15085,220.09749
image_073.jpg,351.96997,160.20268,-275.83368,354.37506,149.06277,-266.0529,354.4289,148.5859,-266.09903,354.49792,148.07552,-266.21838,351.5614,148.43822,-288.41357,349.48047,147.37062,-288.49316,347.13077,146.06955,-288.51508,343.30426,145.17894,-203.97112,331.87723,140.42757,-303.27023,345.2686,164.52359,-249.26039,342.2405,162.94453,-278.14047,319.52164,178.45885,-125.21942,279.1294,163.16621,-304.38013,306.55505,243.57462,-84.988014,259.09143,241.86275,-300.05637,309.76,304.83316,-131.36856,254.25851,307.99908,-329.99072,322.41174,310.21057,-145.47607,260.8461,318.01202,-375.53458,319.30215,310.7612,-175.09961,268.95712,316.65125,-371.37134,312.59323,309.35025,-144.85448,267.24713,313.48886,-331.49924,231.28639,213.28915,55.723557,203.72737,201.6276,-55.692528,198.95131,253.7947,211.76617,159.7231,241.81084,91.48182,160.03627,261.3501,389.18085,109.39494,269.1604,252.72116,151.10356,257.99228,408.46872,98.06235,267.94934,267.75623,165.8892,288.89633,400.02216,112.52647,298.82825,230.30556
image_074.jpg,249.28133,128.16951,-437.55176,255.5212,118.15165,-430.6108,258.7772,116.8943,-430.64804,261.54285,115.4639,-430.71307,244.16296,118.29156,-431.89734,240.37674,116.94352,-431.97015,237.09662,115.30566,-432.02405,267.08362,108.647575,-352.78098,230.66412,108.52453,-357.76077,254.60207,134.67278,-405.45834,242.68701,134.67314,-406.77017,288.62073,146.01053,-275.3666,200.93117,148.63487,-294.82645,308.1681,229.27316,-286.91873,181.91125,230.8189,-314.5137,329.1296,311.45593,-316.30164,158.33188,315.76822,-347.1988,342.96896,321.27808,-341.43628,146.83353,324.46832,-376.85828,331.878,323.2074,-358.56192,157.77129,325.9221,-388.69788,324.71753,320.59006,-325.46985,164.21617,323.4204,-354.0889,260.06467,209.54837,3.406814,217.78934,209.39513,-3.5470202,253.4371,245.66713,210.88692,222.79944,244.00064,192.59341,244.1771,270.43436,430.95816,228.25668,270.88876,416.39624,241.0438,272.33072,451.84424,229.3861,272.15448,437.32416,243.1051,296.2563,398.98495,227.98193,295.81473,381.4011
image_075.jpg,249.04126,107.55597,-460.91156,254.1429,95.93454,-448.1956,257.1974,95.0335,-448.23,260.32712,93.90303,-448.28223,244.97615,96.103424,-451.06924,241.13675,95.39926,-451.14655,237.61,94.60969,-451.21652,265.36725,90.357666,-361.19186,230.98878,91.3529,-374.68286,253.05167,114.4328,-427.75766,242.94905,113.61715,-431.5548,286.46933,142.90955,-287.80847,198.78148,144.4046,-315.60547,307.6866,228.51224,-295.41113,179.77553,228.77522,-339.4149,329.13815,312.83197,-321.79105,157.79007,315.21255,-374.12347,343.39996,320.64282,-347.05493,146.73073,324.6504,-405.7326,334.31964,323.53778,-364.08322,158.71843,325.49847,-418.811,326.12646,321.05145,-330.78818,164.31609,323.20053,-381.74353,263.3242,204.797,1.2463688,219.78871,205.61266,-1.4364505,256.1429,244.58885,217.66664,224.12007,244.5255,201.54756,245.09085,270.5958,469.399,230.77492,269.91187,456.1203,243.22574,271.7736,492.23596,230.95764,271.50363,479.22476,243.48845,296.68103,432.03632,228.8499,296.96454,415.17905
image_076.jpg,249.30142,111.47246,-422.6511,254.74734,99.08043,-411.3458,258.0301,97.94253,-411.39224,261.31415,96.66723,-411.45294,244.29735,99.83743,-413.37665,240.24524,99.10461,-413.44907,236.72307,98.19389,-413.51715,266.73956,92.56544,-331.41232,230.69981,94.29761,-340.53635,253.81796,118.5944,-391.87216,243.3523,118.2919,-394.4233,288.027,142.46046,-263.02695,201.10077,146.99638,-286.85123,309.4073,228.38171,-271.30878,180.50424,229.23088,-308.44315,329.50726,312.33847,-295.77737,156.85521,314.26358,-343.53772,343.50476,320.39227,-320.1499,144.27405,322.5763,-373.789,333.6223,323.20392,-336.24252,156.91704,325.46683,-386.1325,326.91092,321.146,-304.29532,162.17657,323.5629,-350.86288,263.30298,205.87018,1.5077533,222.10081,207.02191,-1.6358098,258.00198,243.46225,199.05023,226.26826,243.10963,183.91818,246.84805,266.9817,425.88873,232.5054,268.47415,410.24408,243.9065,269.5729,446.49564,233.18756,269.79044,430.93445,244.20671,295.6833,392.8858,232.4762,297.18146,372.59048
image_077.jpg,164.07028,117.26797,-310.17383,169.26956,109.05241,-313.35272,171.44788,108.967766,-313.41235,173.89679,108.919945,-313.51456,165.76907,108.88607,-298.3401,165.40457,108.697334,-298.40747,165.08675,108.50678,-298.49664,188.24762,112.33602,-300.05325,176.26146,111.49503,-234.64845,170.28082,127.256744,-303.20837,166.28088,126.22147,-284.1822,243.60501,148.74611,-290.06403,186.45065,164.01619,-160.79497,269.60342,235.56207,-305.43887,178.90944,242.87437,-132.5851,270.7623,316.68283,-332.4243,166.12468,309.83276,-159.13652,268.21695,329.67996,-372.57437,151.33197,318.2156,-173.25522,258.55994,328.26782,-371.86734,156.45491,319.60468,-197.77737,261.2295,323.87122,-335.1722,163.73409,317.55927,-171.19565,294.21298,201.05455,-46.322906,261.60434,208.7356,46.283134,324.97833,249.5469,87.98314,291.05103,256.89026,186.10988,345.76642,280.55774,273.78665,331.04526,276.7253,360.68967,353.50903,280.2433,289.65356,336.28262,277.39774,377.51135,338.88107,307.80884,241.1445,324.5138,304.96024,334.5787
image_078.jpg,131.5732,98.34431,-199.1313,129.81194,84.616776,-209.42923,132.0029,82.53724,-209.4463,134.39806,80.38466,-209.49335,126.8284,87.460785,-189.93253,126.73439,87.33895,-190.03183,126.70894,86.923935,-190.08505,150.05658,73.25898,-219.36276,140.71959,77.45872,-133.59085,146.2951,100.56251,-199.90842,142.76242,104.69323,-174.64935,227.45094,100.07283,-231.6841,180.39934,103.70537,-70.388985,243.86539,203.57126,-231.63948,193.48245,196.27557,-35.539627,233.7836,296.20724,-216.89143,186.10782,269.1132,-51.583256,219.57468,304.12225,-250.68901,171.46396,277.74475,-55.779556,212.78087,299.19373,-238.82,173.502,280.3858,-84.52891,216.19904,295.58405,-214.08247,181.05273,278.7614,-64.00804,338.61325,162.29785,-47.2518,309.5417,163.79852,47.149006,391.48688,211.1494,52.71314,375.2524,207.7613,139.8751,447.2182,244.1105,167.1944,428.8543,235.09828,255.81311,459.38364,241.0178,176.36824,440.50775,229.17165,268.10785,431.4297,274.18958,145.27017,418.9215,268.6192,252.48547
image_079.jpg,126.21901,96.12904,-203.14441,124.24982,81.839264,-212.93509,126.039635,79.756775,-212.95874,128.06543,77.76376,-213.02144,121.829636,84.7974,-193.19644,121.832954,84.67576,-193.28484,121.94723,84.349884,-193.32916,143.73369,70.42024,-222.3919,135.41536,75.5206,-135.4252,140.46071,98.13327,-203.96786,136.89914,101.88287,-178.3342,221.17827,98.01122,-233.70901,176.74846,102.273,-72.38559,236.5654,200.82014,-234.21442,187.54726,193.82112,-41.672607,227.33505,294.2594,-218.24055,180.8098,272.5673,-54.996574,214.55592,302.5898,-251.98657,166.43312,279.62897,-59.159485,207.11136,297.40115,-239.21591,168.84875,282.3522,-86.92847,209.68465,294.14337,-215.20123,176.0183,281.55383,-67.254585,330.6152,159.44463,-47.322876,302.1512,159.71764,47.231995,379.9629,208.38414,50.00005,365.11172,205.4457,139.88097,438.6105,241.81752,164.31723,416.23642,231.89534,254.33147,451.45163,238.9444,173.11642,429.69464,226.562,266.66647,422.3663,273.87012,141.62653,407.20218,266.63382,252.27344
image_080.jpg,126.94007,86.00765,-215.04315,125.943245,72.59633,-225.07419,128.27159,70.83791,-225.08194,130.85956,68.862335,-225.13089,122.274055,75.090294,-205.86436,122.05938,74.98684,-205.95332,121.93068,74.66552,-206.00244,147.41199,62.397377,-232.1724,137.22232,67.57183,-147.98312,142.22522,89.55176,-214.64433,137.46902,94.185234,-189.83463,220.41425,96.59108,-241.88702,171.55986,108.88164,-82.763824,227.75656,197.81616,-243.14873,178.96333,194.4017,-49.565258,223.31091,294.5092,-225.10873,173.29893,272.70328,-59.17662,210.20364,303.37256,-260.12115,159.53401,279.97452,-62.173748,202.43237,299.21982,-247.24307,161.5053,282.48227,-91.16769,204.85014,296.12717,-222.07704,168.31055,281.72388,-71.548584,328.1614,156.23042,-47.084583,297.7012,156.0973,46.9869,376.1527,206.64711,52.197006,361.29037,204.03008,139.24063,436.49078,245.46329,162.18637,413.08844,235.20444,251.95518,450.94754,244.71497,170.72456,426.0087,230.95941,264.2269,417.7989,276.99753,140.99907,401.01974,270.12024,251.26112
image_081.jpg,123.90906,91.74892,-218.36981,122.63928,78.87193,-229.68738,125.14695,77.12582,-229.69226,127.89067,75.29258,-229.74127,119.37095,80.6424,-209.092,119.24229,80.212776,-209.20352,119.18402,79.540375,-209.26422,145.28581,68.323364,-240.99207,135.20824,71.897026,-150.13062,136.83081,95.18109,-219.21394,133.21066,98.82802,-192.50339,217.62984,96.0224,-249.7604,167.09676,98.13763,-85.07315,227.99117,198.82402,-249.84395,184.62358,194.42442,-44.91579,224.05649,295.2905,-232.90535,175.54314,273.3768,-55.700474,212.2073,306.00104,-270.23474,164.06271,280.47122,-59.775486,204.59387,301.77753,-258.2143,165.85744,284.0312,-89.49005,208.09537,298.158,-230.59657,171.89381,283.32715,-68.30483,328.7022,160.33047,-49.90364,295.77536,158.78053,49.794724,377.4684,209.87663,58.861042,358.31558,204.36255,150.70927,433.6709,245.80664,180.26228,413.63278,238.28003,270.97644,445.79288,241.885,190.52827,425.5045,233.4119,284.08963,418.80182,276.32376,164.4814,404.23944,269.90417,273.01428
image_082.jpg,140.78986,133.59663,-326.81006,139.98613,121.452095,-338.9753,142.48422,119.052124,-339.02185,145.24373,116.3473,-339.1141,135.33614,124.12757,-316.5505,134.41544,123.75509,-316.65363,133.5572,123.24538,-316.74277,157.35738,107.21005,-343.58264,146.23178,113.38506,-245.69887,153.02583,135.71068,-323.85315,147.15213,138.4465,-295.44318,224.37492,131.49484,-342.1978,177.42017,151.95724,-143.13705,252.93153,220.35464,-359.44476,187.82103,220.67546,-96.46357,254.90129,298.54874,-378.27213,178.4354,288.7974,-149.05182,251.87479,310.36832,-425.32816,164.91216,294.95685,-165.31232,242.96854,308.6784,-419.52884,166.57031,296.70203,-195.93501,243.64275,305.0981,-378.77783,174.15085,294.9385,-163.4203,303.46826,177.65791,-62.945168,274.1809,191.87665,62.80149,342.1951,230.18939,105.76705,316.72153,230.1134,245.28525,383.82574,247.07312,317.71982,372.42136,245.73544,451.83868,393.87604,243.20103,337.4884,385.59204,243.29048,473.09775,383.85715,280.34186,303.05084,374.43564,278.80292,446.72256
image_083.jpg,144.23709,130.18016,-332.41937,142.45645,118.27107,-344.0643,144.25447,116.12774,-344.0981,146.22548,113.82177,-344.18246,138.83023,120.497314,-322.6943,138.07553,119.98209,-322.8115,137.40288,119.35285,-322.90207,157.78548,104.69413,-346.82687,149.03325,110.280396,-253.2516,155.0987,132.1584,-328.6812,151.13483,135.20805,-301.45944,228.54984,124.28707,-337.78696,179.21056,149.62839,-154.4878,246.65714,219.9097,-350.23093,182.98796,218.26334,-112.77736,255.03433,300.29608,-361.60583,177.3551,288.71436,-168.17401,249.34259,312.5109,-406.87772,164.16425,294.84637,-185.36958,242.62862,311.15057,-400.1365,166.10896,296.2001,-216.22064,244.27751,306.89056,-361.70102,173.22588,294.65973,-182.47453,299.78528,170.62598,-61.84173,264.31992,181.83188,61.732586,335.17108,224.72206,84.616356,316.3012,225.37611,217.84386,375.31384,249.7202,284.32315,362.51355,243.98465,408.69583,383.9059,247.00716,301.94855,371.86758,241.53769,428.02917,374.38092,283.08197,265.08417,368.50735,279.19864,398.48227
image_084.jpg,147.4633,103.80393,-316.0983,148.36328,92.97135,-323.03836,150.69638,91.43586,-323.05017,153.21568,89.74982,-323.10626,143.59758,94.69569,-307.90088,142.5959,94.45457,-308.02237,141.62796,94.09985,-308.1283,165.01865,82.91289,-309.62674,151.44743,89.308556,-244.31296,158.2201,108.843765,-306.78525,152.78665,110.68921,-287.68796,232.4454,116.66443,-306.53134,174.35379,135.52907,-150.7281,256.38892,216.26318,-313.95795,171.99948,216.07333,-131.98209,270.5938,303.48804,-313.54877,169.12328,296.9704,-167.1389,267.50595,315.3025,-349.57382,156.66504,304.70398,-183.51312,258.59055,315.08093,-348.02817,159.723,307.06876,-207.74951,260.31882,311.9742,-315.14832,166.8234,304.86575,-179.81198,305.43713,172.79997,-56.307854,265.17844,185.45155,56.048553,335.93265,224.84973,75.74301,282.5271,241.40979,153.57759,374.5489,252.26532,290.8872,333.77936,256.58636,347.53397,383.72067,250.33046,308.83853,343.68173,249.34047,365.8818,373.28598,289.2263,264.13147,358.51437,292.89548,337.31427
image_085.jpg,143.0946,122.67722,-336.05,143.81165,110.648544,-343.79242,146.39209,108.825424,-343.75543,149.30519,106.90069,-343.8008,138.84476,113.103264,-329.46072,137.9001,113.03149,-329.62067,137.11197,112.89979,-329.7256,161.56145,100.27177,-329.11224,145.73936,107.80065,-268.67914,155.1701,126.24382,-325.72467,148.88063,129.07722,-307.9718,231.82271,125.52517,-312.4437,166.32582,143.58571,-181.68242,267.3264,223.95149,-317.33835,172.05153,220.4348,-160.49016,271.7799,307.08405,-323.38916,166.54475,302.33142,-191.26222,266.66254,320.1944,-360.11136,151.37123,308.8534,-207.9087,257.13297,317.95786,-357.9428,156.25206,310.08182,-231.1998,258.0061,313.19235,-325.40448,164.09865,307.75815,-202.71588,295.8346,163.98564,-51.431183,257.93185,173.38481,51.128914,333.00592,226.54074,72.15476,290.59595,232.99283,152.76659,371.76144,253.30237,270.43054,352.95895,247.48103,336.2917,381.57916,249.11113,287.11957,342.34637,246.72008,354.34283,366.72623,289.1729,246.50316,350.87326,283.4624,323.88855
image_086.jpg,144.05124,112.68235,-360.178,143.68756,100.33249,-370.2877,145.96231,98.485245,-370.2837,148.53337,96.443634,-370.3444,139.2146,102.54266,-353.88675,138.22073,102.23523,-354.0029,137.30067,101.85028,-354.0937,160.4922,88.796684,-356.7611,146.16295,95.30648,-286.81482,155.16899,116.95717,-349.35333,149.69324,119.32544,-328.82318,228.52962,111.36558,-333.7342,167.42644,138.81857,-187.96132,259.31076,218.77022,-335.10657,169.53235,217.27264,-158.27347,269.6055,307.8342,-338.6936,171.00572,299.6515,-197.5073,265.27206,319.85638,-379.49997,156.82748,308.1604,-216.42397,257.1363,317.62506,-378.47366,159.60977,308.82202,-243.35461,259.17795,313.43823,-340.97412,167.63065,305.91873,-210.52762,299.2018,163.871,-51.2266,258.75455,179.12427,50.91021,335.30945,219.98848,124.43542,261.06165,224.61237,162.45483,369.5262,254.74492,376.7008,297.1106,250.08289,354.35092,378.28833,254.7589,398.78174,305.98245,246.19194,372.51193,370.42328,290.4607,349.10907,300.10718,284.6015,335.82434
image_087.jpg,140.49083,118.979164,-322.73364,140.5341,106.287125,-331.10526,142.62323,104.60643,-331.0745,145.04318,102.818344,-331.1181,136.63536,108.75881,-315.4669,135.93784,108.63419,-315.63004,135.35997,108.42888,-315.72247,157.8712,95.89837,-323.42407,145.0556,102.40763,-256.36694,152.44702,122.12065,-315.71628,147.02336,126.062195,-296.05875,227.1459,118.006615,-312.1146,166.08775,147.32152,-176.1823,265.104,221.008,-313.80008,171.42584,218.81221,-151.94943,269.5783,307.97412,-318.15353,167.80453,301.0318,-182.30217,264.33466,321.03815,-356.36447,153.23961,308.87363,-199.19891,254.34709,318.60214,-353.8399,157.9336,309.74866,-225.84674,255.46846,314.1892,-320.18216,165.41003,307.16318,-195.17487,297.75897,163.82924,-51.664032,260.07562,178.65445,51.432377,330.47263,221.04892,82.940994,292.19434,232.9465,135.89462,364.35135,250.77351,288.6304,342.77368,257.60504,301.10776,371.08752,247.03293,306.4003,358.71344,250.1132,317.06546,361.37402,288.43726,273.45905,354.624,289.42258,288.05847
image_088.jpg,141.13266,115.95814,-365.92,140.90395,104.91113,-376.30365,142.86313,103.26805,-376.28214,145.06247,101.42964,-376.3412,137.08803,106.838585,-360.46198,136.32207,106.52653,-360.5903,135.62459,106.16052,-360.68015,156.72604,93.15876,-365.06668,143.5591,99.33545,-296.97778,151.66754,118.98557,-355.55374,147.06613,121.74722,-335.61914,224.69427,113.358696,-342.13458,162.35092,137.22064,-197.86227,258.4292,217.88568,-344.40143,166.4766,220.1274,-167.6772,270.87848,306.99374,-345.70398,170.3825,301.4196,-196.3789,265.97214,319.78152,-386.0982,154.72977,307.60526,-213.13086,257.20352,317.70773,-382.49515,158.72073,308.16385,-238.92995,259.0433,312.74625,-347.1943,167.25717,306.06485,-208.6173,294.46408,156.88057,-54.75022,255.9424,172.46329,54.43757,333.23022,216.74377,84.55443,283.0951,223.48026,182.36598,368.741,254.9189,304.7295,329.1591,248.5352,383.26352,377.36685,254.0086,323.62854,336.91144,243.15611,402.66937,366.92755,290.3644,279.7413,351.55844,285.3013,367.621
image_089.jpg,146.2379,106.719925,-342.1772,146.12819,96.01092,-344.6927,148.76424,94.61523,-344.63812,151.69623,92.78958,-344.66025,140.55998,97.18688,-333.88544,139.33888,96.94183,-334.06427,138.21173,96.762146,-334.16208,165.54532,85.74243,-315.95456,148.16399,93.79181,-271.19888,158.8599,112.53938,-327.9882,152.96696,115.52901,-314.7053,229.37175,111.97787,-301.00778,168.27682,133.38358,-187.0674,258.8486,216.97656,-305.07,173.17352,215.64635,-164.37637,270.4464,308.09946,-312.88916,168.84224,299.53934,-185.3049,265.19672,321.38303,-348.3803,154.64438,308.33792,-200.11006,255.85213,319.06107,-343.95944,158.61243,308.4038,-223.10725,257.12955,314.3726,-314.1547,166.065,305.51514,-195.90298,299.9857,147.89326,-47.21909,263.9851,161.28004,46.900314,334.78485,215.51721,62.719208,303.46133,226.92831,134.50688,370.83682,249.11272,227.15932,355.0905,249.17265,288.5003,380.56342,246.10681,240.62276,357.08746,250.52574,304.27682,366.2981,285.78778,206.74226,356.36365,285.78387,277.7565
image_090.jpg,140.19394,144.74554,-307.60168,139.78183,132.40622,-319.73697,142.27548,130.01358,-319.68253,144.9884,127.41096,-319.73853,133.87425,135.90163,-305.29037,132.29536,135.86539,-305.44455,130.93895,135.7508,-305.53906,158.28319,116.90225,-318.97183,139.07574,127.33054,-256.57278,153.70029,145.71805,-301.8927,146.56877,149.77206,-283.47543,223.84607,130.87431,-301.08368,156.17714,142.30931,-179.408,260.15353,220.35175,-297.5031,163.88806,220.34111,-137.37872,270.09097,309.00476,-310.768,167.0378,302.78995,-159.29846,266.4238,319.73425,-351.4541,148.62785,308.01132,-176.57043,256.56122,316.53723,-349.2754,153.55807,308.84348,-203.0134,257.3687,312.603,-313.52444,161.78944,307.29605,-171.36185,288.16837,156.92128,-45.483658,252.71982,169.8036,45.266945,327.6216,219.52443,60.413475,283.63696,231.65044,129.65846,367.8689,250.44742,225.90356,339.14618,255.02702,295.31625,378.58463,246.47359,241.556,348.425,249.81393,312.8805,368.36066,289.59778,213.81992,351.39688,285.24445,290.50623
image_091.jpg,117.10475,136.71185,-524.35583,122.63327,128.56331,-518.74805,125.91791,127.65997,-518.7694,128.88551,126.42863,-518.83997,112.43451,128.58577,-516.9072,109.192505,127.8075,-516.9619,106.42739,126.89129,-517.01196,134.20018,119.31512,-436.3281,101.80365,120.192444,-429.39377,123.26161,142.17212,-489.60956,112.13266,142.11137,-487.60287,158.12025,150.21515,-351.69464,84.42945,146.74197,-340.27118,170.17957,222.97972,-368.58435,77.285355,220.75584,-350.42197,183.68857,301.7931,-412.5712,66.52141,299.0494,-397.15717,193.48566,310.515,-451.8391,57.082493,308.2506,-436.58932,183.67068,310.90002,-467.7793,67.34261,309.04428,-453.8135,177.69899,308.9462,-422.37115,73.325874,306.7896,-407.8338,142.59085,192.96683,-5.9788885,106.05744,193.02066,5.875319,141.56332,233.76082,241.4929,107.16203,227.03258,240.74815,136.12775,258.35156,509.03668,119.32125,254.82608,512.387,139.92227,253.92336,533.95624,120.371864,251.77652,538.09,137.16951,283.65967,471.0212,117.43891,283.258,474.12064
