image_001.jpg,423.65182,218.68448,-373.9623,436.9767,178.86005,-415.14478,448.94485,176.43329,-415.06033,462.17435,173.53906,-415.27927,419.14755,181.36647,-342.75674,415.79276,181.36586,-342.7606,412.71317,181.32964,-342.91815,511.96225,177.15831,-430.70554,452.1423,183.81837,-104.24402,454.2828,250.49068,-371.7498,433.23166,249.5004,-277.10107,647.4574,372.3715,-520.43585,474.8533,340.38242,206.07004,592.2775,676.834,-466.74112,425.19196,588.5121,22.037252,411.11215,461.19373,-192.05167,344.32455,447.2704,-532.9943,356.78177,421.1263,-179.2457,301.7741,416.40015,-605.83575,378.39862,389.28607,-172.73816,316.77655,389.6547,-565.8747,401.6194,405.24786,-170.52107,339.32886,398.19788,-536.6707,630.52136,786.21967,-242.22258,521.4896,731.9484,242.33153,303.45627,975.5232,-368.2405,235.50069,841.716,348.46353,375.3103,1278.2795,-252.74503,301.82346,1080.873,695.21606,420.40103,1325.7139,-237.3615,340.09918,1114.9489,728.3075,229.32465,1386.9077,-298.76056,185.64537,1156.6051,773.3721
image_002.jpg,450.0472,205.98285,-430.09198,463.8946,168.1469,-466.3984,475.21863,166.35179,-466.30307,488.37415,164.13618,-466.546,447.74258,169.64545,-398.9857,444.61856,169.35655,-399.00455,441.67014,169.2333,-399.17004,540.05023,167.4797,-460.7802,480.2046,172.75725,-155.50978,475.90356,236.83914,-418.1905,456.6215,235.53142,-329.5755,676.5429,364.89938,-503.88916,484.31314,329.69803,141.12343,597.58246,666.7914,-540.7379,405.89465,584.2425,-70.358376,460.89313,437.78137,-420.88824,358.1853,407.7459,-616.43304,414.58023,382.04684,-427.71198,330.38437,354.00836,-687.424,434.52335,356.84937,-408.34717,345.96378,337.6356,-634.15393,452.63654,377.59842,-399.15884,364.36844,353.22647,-611.86554,630.0325,775.8997,-227.07166,517.9174,718.76685,227.15701,298.609,964.883,-435.8679,240.14331,820.155,425.66226,374.79797,1269.9753,-334.88425,301.3714,1061.8286,814.7372,415.4092,1319.1682,-317.55435,332.17462,1082.427,855.81976,234.1396,1383.3345,-375.42264,196.1035,1136.2621,907.111
image_003.jpg,400.86285,137.47218,-355.99484,411.72134,100.00817,-397.88293,422.54523,98.24578,-397.79492,436.10864,95.460976,-398.06448,398.43146,102.03115,-324.0638,397.03784,102.28197,-323.97385,395.57404,102.31938,-324.08493,499.6061,95.60201,-429.76624,445.01974,103.68077,-93.46222,430.6789,172.60927,-361.20908,411.87775,173.04523,-263.7303,652.20233,310.6276,-493.83374,453.127,286.1459,188.21288,592.6252,628.7565,-442.71167,415.05923,571.495,17.497746,430.99042,417.3191,-203.39912,313.7005,378.1058,-486.8844,378.5552,370.07495,-182.56366,277.7715,332.8092,-550.6256,401.99057,339.45837,-170.1417,288.27594,313.1917,-496.92096,416.15994,353.71085,-179.06389,307.59988,324.20084,-483.85806,615.76483,735.88,-219.79503,493.0466,685.0138,219.78622,297.0059,948.18243,-462.3505,200.8032,815.90466,301.41492,372.4886,1260.9882,-334.17892,274.96405,1061.4943,662.05853,418.31232,1305.393,-317.58432,309.69427,1085.2397,696.38446,236.85158,1387.0504,-410.15295,154.00441,1155.8104,716.4239
image_004.jpg,385.65518,94.89182,-459.78406,402.31796,54.79206,-489.78802,416.21802,53.51043,-489.72247,432.25226,51.465836,-489.93704,384.37518,56.95484,-427.23877,381.77872,57.71719,-427.19666,379.0488,58.424076,-427.30908,488.90588,58.8952,-467.49945,417.0903,64.73956,-184.5942,419.26144,131.99911,-443.45132,394.42258,131.60762,-360.6749,634.2291,275.0957,-487.1898,415.55786,252.62695,96.1956,579.46893,610.4648,-529.3751,365.54688,555.8486,-68.93295,400.42838,379.18243,-455.86777,281.218,353.4672,-576.50604,345.8919,325.95215,-458.49503,246.11964,303.1736,-645.0922,369.65845,295.76865,-436.22012,259.73685,280.02924,-585.9401,385.46988,313.44424,-433.40808,280.2978,295.07965,-569.13715,599.5776,728.2366,-197.16043,475.65997,670.66626,197.30792,276.85202,934.0585,-368.6817,173.33012,806.73395,197.06717,365.42206,1239.4205,-209.04285,246.82082,1063.1201,506.38776,418.0683,1289.1987,-186.87497,274.98456,1093.4309,539.9597,238.7742,1378.6868,-236.38675,124.19924,1137.9108,579.7545
image_005.jpg,494.5831,163.03886,-479.93726,506.60983,120.35225,-502.1976,519.08276,116.90018,-502.07715,534.57404,112.50899,-502.16626,485.02322,125.56059,-443.17587,479.59088,126.9222,-443.11884,475.22137,127.96442,-443.2603,586.0868,115.91299,-447.2427,504.67227,131.74597,-176.10081,527.23413,197.0832,-452.79343,501.7383,199.61908,-373.82935,746.54034,330.83325,-447.82736,497.65054,318.50598,106.66293,701.95557,649.4478,-531.74084,447.15933,598.1946,-96.18592,547.3055,448.63904,-580.60236,369.78305,410.23724,-641.2064,495.74265,384.83047,-598.0713,344.40903,364.1956,-712.5509,513.2666,355.62628,-567.3879,350.98563,339.18222,-661.5589,520.96265,368.77777,-557.9694,369.61667,350.44043,-636.23334,688.2165,783.1578,-189.55011,554.0035,735.44324,189.45715,421.84982,1007.6854,-440.04565,265.43088,865.56824,178.54349,491.95425,1339.4196,-293.22794,332.47617,1121.358,450.3411,529.6514,1381.6404,-277.06384,366.37225,1154.546,474.90668,386.34357,1459.9044,-391.7196,214.04141,1218.2367,457.3704
image_006.jpg,380.475,110.95079,-572.3773,406.70544,71.48506,-579.7405,424.87796,69.2287,-579.6529,444.11414,67.144135,-579.75854,375.2139,74.96125,-533.8022,368.915,75.28694,-533.8119,362.28775,75.780914,-534.00964,488.83746,75.79517,-482.56302,386.76422,85.42676,-269.33105,418.45648,155.35591,-530.1302,382.17242,157.568,-467.48615,624.8672,304.1987,-429.5374,365.8313,303.76596,-11.767244,593.0402,632.2978,-636.88306,298.60297,580.5399,-188.66095,483.68817,435.74884,-943.44183,219.15599,392.47928,-714.3843,440.38058,364.92667,-988.9249,194.50928,338.23416,-794.55304,449.65103,338.90402,-974.0483,202.08397,307.49915,-748.72034,459.29532,348.37595,-936.26025,215.68228,325.91833,-710.9281,569.36505,777.521,-153.67473,424.6174,737.8008,153.6669,369.06635,1031.7456,-513.3546,112.46349,890.00806,46.673378,405.97946,1394.6846,-390.76755,166.28339,1193.3314,293.86884,430.27295,1427.19,-384.66275,213.94037,1230.6545,312.05353,285.67865,1558.2168,-581.8927,25.98549,1292.2642,252.55576
image_007.jpg,397.64197,157.80359,-683.97046,419.4719,115.120926,-692.19147,437.8627,112.86518,-692.0871,457.02478,110.84273,-692.0855,388.6107,118.444466,-642.14636,381.13617,118.350395,-642.2164,373.52533,118.41708,-642.3942,500.8448,120.27293,-583.2664,391.24374,128.6934,-352.94748,432.48196,203.55034,-635.6093,397.69464,203.59294,-568.10425,644.568,357.3333,-512.1371,362.07724,343.18762,-68.4064,610.8321,673.99744,-753.50977,303.35483,615.5422,-302.53134,517.29376,485.57553,-1132.9579,234.98155,440.7749,-954.56366,475.2494,416.50427,-1198.0046,212.04527,389.65143,-1056.3455,487.03214,388.36057,-1184.6251,213.25902,362.02692,-1018.7591,496.91013,403.07614,-1129.4631,224.7375,376.9102,-957.653,581.24506,806.3955,-153.93689,427.4508,769.86505,153.98296,406.39502,1078.508,-566.64484,134.70932,933.0509,-175.89163,439.5077,1408.5182,-283.37692,186.93182,1239.8362,98.14707,462.45398,1442.4442,-266.04315,229.94682,1276.9474,115.00569,341.1651,1561.4014,-493.58664,51.97673,1356.2112,-13.594814
image_008.jpg,432.28903,231.87857,-549.7647,449.15604,190.68214,-558.7454,465.50104,186.65594,-558.5716,484.02957,183.15977,-558.6033,420.1042,198.3949,-511.85724,412.84995,200.13533,-511.81558,406.83136,201.7661,-511.99005,529.8649,190.18196,-454.67075,421.6171,208.77518,-226.94519,469.7587,269.08112,-501.21573,434.50323,273.565,-435.04297,675.3298,411.0535,-386.77783,399.6948,398.2341,40.713066,644.27747,712.2513,-598.34875,332.19666,659.3821,-113.87338,540.0151,518.1516,-898.4186,267.1897,481.08847,-613.4541,495.3784,448.1054,-950.1935,245.61392,433.28915,-687.78516,508.9535,418.7758,-922.5967,253.02968,403.8002,-662.1372,519.03107,429.735,-886.7045,264.82614,418.48953,-617.6709,598.11127,863.9954,-153.56793,441.79947,826.9108,153.54663,449.93683,1112.0612,-596.4022,150.35548,991.2039,-164.65611,477.8295,1432.974,-330.9024,195.40765,1305.8296,97.69879,486.6754,1452.3391,-312.9514,241.91779,1349.4872,115.618675,384.04245,1607.4553,-531.8806,54.802567,1432.5328,-10.209829
image_009.jpg,515.8712,231.1511,-146.37921,531.49194,190.31573,-222.95724,537.9963,189.51523,-222.8933,545.2009,188.56355,-223.02467,529.58234,188.60071,-141.6464,534.3688,186.66603,-141.76065,540.0409,184.40605,-142.0682,601.74725,201.42311,-378.68597,595.716,197.79057,-26.201887,539.3438,266.74905,-192.61551,535.98285,263.19977,-89.54483,669.2358,448.9729,-472.46295,706.7792,389.10596,238.38988,599.9056,800.3599,-303.86316,611.66345,653.0846,501.81985,460.38428,613.9404,66.09613,497.66663,537.8457,594.9409,411.91818,579.82947,76.555,476.9543,501.4911,586.92255,465.95248,533.5024,39.41465,509.17984,488.75754,588.41797,488.36395,550.1134,67.626434,520.4493,499.29907,592.358,662.4122,955.0373,-245.74852,693.48645,894.7555,246.0052,246.19292,1035.7963,-335.0955,331.11557,901.3034,507.0657,327.916,1420.4076,-305.83215,427.9193,1214.7603,721.0449,376.1998,1460.3619,-294.3713,489.1985,1258.9167,740.9613,159.14993,1448.0599,-271.31464,318.54376,1311.4797,835.984
image_010.jpg,534.14954,242.77335,-169.69171,552.21484,203.0204,-238.28052,557.7099,202.75584,-238.23564,563.7414,202.3997,-238.41922,550.2403,201.01031,-157.71465,554.28436,199.60558,-157.78029,558.82434,198.03668,-158.05156,614.2615,212.9543,-377.0804,610.3324,208.4462,-29.870895,556.97107,278.54446,-211.03534,554.1795,276.1826,-109.52733,674.76984,449.10184,-503.05197,701.4755,401.29135,257.99677,631.91693,790.238,-318.3778,640.8454,647.57153,505.2566,483.96317,615.4754,117.25982,537.25616,553.1735,590.5573,437.00912,590.54456,133.2359,496.3908,549.5894,602.2105,461.02133,552.54803,118.827774,504.38058,501.73676,598.50836,481.49472,573.72943,130.28297,517.37854,519.76324,587.3342,684.91534,927.2615,-265.99725,686.73755,875.5379,265.89417,278.41763,1010.2335,-322.0283,363.55045,934.8544,482.06677,345.47562,1360.2524,-246.98933,403.60544,1284.3256,680.444,388.73398,1419.9421,-230.29106,434.64304,1329.341,697.5215,182.27931,1399.999,-182.64148,300.47086,1352.6721,773.754
image_011.jpg,379.32404,361.16406,-431.99478,391.10535,322.93304,-460.21725,402.57974,320.05786,-460.22113,415.79956,316.4276,-460.48624,374.15173,325.59235,-408.4142,372.3482,325.31064,-408.53604,370.65295,324.45663,-408.6604,468.02094,318.86807,-445.7578,415.68393,329.4824,-220.84245,411.25262,393.80954,-420.5645,393.44092,395.45868,-355.1738,597.0465,522.15625,-475.99826,457.69104,474.44144,12.62726,546.82745,794.54663,-441.6226,424.85666,681.1855,-81.71177,407.29135,603.8757,-194.34615,361.602,579.2171,-412.781,366.31342,557.95386,-175.56244,326.99356,532.59094,-458.00607,386.17032,529.3178,-175.91966,343.00522,517.4867,-415.96506,404.37384,546.8119,-180.54227,361.4981,527.19037,-408.95032,664.17554,858.7022,-161.99226,556.0916,810.167,162.10254,381.1508,1046.4438,-309.21658,327.86505,895.8073,221.6308,462.11572,1288.5377,-66.80282,394.94147,1113.7714,495.00363,502.0026,1331.6588,-34.74919,430.50122,1145.5872,523.6459,348.04944,1400.1257,-50.235947,306.24863,1191.5194,577.1766
image_012.jpg,423.22064,429.3654,-356.0363,436.44858,396.05853,-392.80777,446.3221,393.75256,-392.74625,458.14435,390.8547,-392.99524,421.81433,398.84393,-332.93698,419.9486,399.0659,-332.96567,418.04895,399.06952,-333.07846,509.42136,393.46414,-416.8064,457.9614,401.00076,-150.66183,451.21384,457.6998,-357.39594,434.35995,458.4794,-280.24518,638.84546,576.89343,-460.86978,493.96567,538.7394,82.13979,588.0338,837.1384,-442.6709,467.88043,741.0604,-39.54661,445.48416,640.9159,-217.1658,391.39975,614.63293,-444.29694,405.229,596.23444,-199.52551,359.52377,567.2274,-499.49405,421.90305,572.16455,-199.52664,372.9905,555.21136,-458.22925,440.1324,587.7937,-202.08461,393.10013,565.81555,-443.39395,696.16016,914.1796,-176.91846,586.5242,869.7771,177.11182,423.06708,1104.1243,-369.7217,354.3782,969.52405,306.8175,507.2644,1369.7439,-281.97906,423.25705,1178.7162,594.03296,544.69226,1411.4066,-267.54092,452.15823,1211.8955,624.1791,398.2503,1461.743,-332.2648,331.9716,1248.4075,675.09564
image_013.jpg,500.04855,420.4692,-350.36142,508.49216,383.14496,-381.28152,519.9102,380.35074,-381.19098,533.292,376.34064,-381.36957,491.8485,385.9114,-321.0391,489.49988,386.0235,-321.0481,487.18842,386.1154,-321.1316,583.01385,377.57755,-385.32016,524.20856,389.4935,-116.48946,528.67346,450.03784,-346.12866,510.78052,450.87408,-268.29095,722.39453,559.4965,-440.4036,549.3867,530.7727,130.27248,667.17883,824.3912,-393.5973,508.486,748.1838,-18.646069,521.57965,637.7093,-160.55962,458.3357,617.691,-467.67175,475.01065,592.96405,-145.98586,427.61765,568.3303,-526.15674,495.07928,565.7174,-142.19012,444.60626,552.90393,-479.21008,512.81964,580.6097,-143.65794,463.2011,564.6533,-463.21204,760.70197,900.5088,-182.2296,643.7845,860.4108,182.07553,504.4816,1094.8644,-337.9331,411.7004,957.9619,217.10063,590.5374,1344.6504,-154.43678,485.07037,1180.7771,445.66882,621.37366,1377.8313,-130.86053,519.2822,1206.2891,468.0838,492.212,1451.7618,-179.95088,391.72864,1252.3435,491.415
image_014.jpg,402.9913,339.45416,-581.3256,420.0727,301.12888,-596.48175,435.83524,298.83646,-596.3237,453.43582,295.21057,-596.3604,393.88324,301.0973,-548.0623,388.29868,300.05215,-548.06805,381.6391,298.84033,-548.22577,498.71384,297.45685,-522.5535,403.5897,304.9338,-299.3677,433.43805,374.55115,-544.5394,405.33224,373.75598,-479.39792,631.7358,492.77332,-459.6935,405.27112,471.16306,-55.381256,594.5023,784.0354,-619.93665,329.7862,708.0432,-258.49066,476.96237,597.676,-824.48334,302.82916,543.6439,-739.2782,448.34186,533.122,-860.8098,280.78882,491.81396,-813.33344,460.6246,509.65564,-840.7965,292.8125,474.29413,-754.9602,468.39304,523.41376,-814.1567,309.50507,486.51605,-729.23676,624.9561,871.54346,-139.15475,492.2022,830.82947,139.26147,445.29718,1084.0573,-506.06076,244.22556,953.3182,1.3615911,479.3274,1340.8198,-296.44424,327.60968,1176.0126,268.874,502.81732,1380.7094,-282.5525,365.5741,1206.6462,288.29877,373.2346,1469.8398,-482.4553,214.29578,1271.7832,210.48009
image_015.jpg,482.69754,357.2345,-570.37366,499.57764,318.49747,-587.71545,516.3552,315.55743,-587.5709,534.9929,311.8334,-587.64417,472.97928,320.85553,-537.3076,466.26947,320.33383,-537.317,459.50272,319.53812,-537.4792,576.69,313.5893,-523.08,479.6846,324.51373,-288.69473,516.3617,393.3939,-537.1443,487.44882,395.06274,-468.8699,709.5892,510.66727,-438.5019,473.93323,487.25644,-61.535133,669.4163,798.69574,-585.86633,385.47998,723.042,-246.68762,553.947,621.83966,-787.964,368.17087,558.54974,-717.12946,531.74664,556.8581,-824.5909,351.92188,511.88284,-787.5158,541.10144,531.8849,-796.4095,367.08902,489.1346,-730.74695,544.91864,543.37915,-773.36224,381.3982,502.2681,-706.05444,678.6015,884.02203,-129.63762,548.7237,844.1507,129.65115,514.21893,1092.883,-508.93634,311.64117,960.1633,-2.5244563,530.2457,1358.6055,-247.90675,378.83984,1196.5991,303.75626,547.08203,1388.3795,-228.32652,418.16473,1232.7551,328.59952,448.51562,1476.7458,-426.52094,264.18,1288.7584,244.91917
image_016.jpg,552.47974,290.77835,-620.8179,576.2941,246.98358,-640.62787,595.2948,245.50916,-640.392,616.0083,243.65094,-640.4255,544.0949,246.91469,-586.3326,536.2168,245.46474,-586.30927,529.52673,243.95145,-586.48834,662.4393,250.31927,-575.39124,546.85925,253.0741,-320.6837,585.7825,336.2765,-586.40796,551.984,335.02612,-511.8743,802.1259,488.93127,-448.50452,513.48456,436.7863,-92.532425,737.39215,796.1941,-568.14606,414.17593,704.19995,-257.99765,621.205,593.26953,-793.38477,415.87103,528.4777,-747.47705,598.36755,529.0743,-828.312,400.93564,468.1738,-826.54095,609.0712,500.3962,-809.02795,419.2326,444.5229,-759.418,613.9512,514.72345,-782.28735,432.39624,464.51053,-732.90875,724.5326,881.29346,-123.66799,570.8555,836.4463,123.78881,562.7814,1093.2737,-555.45917,321.3487,967.4957,181.10626,550.5566,1405.623,-398.60767,377.8368,1218.5674,566.0423,566.85364,1431.8368,-393.91464,430.43002,1250.499,596.6618,413.46854,1548.0023,-652.50946,255.40646,1325.9915,522.237
image_017.jpg,536.1396,311.7146,-697.9615,565.6044,271.98032,-654.37213,581.09656,270.3233,-654.3826,594.0487,268.8061,-654.5122,511.40723,272.03784,-649.03217,497.00113,271.81854,-649.0198,485.77493,271.87848,-649.00354,612.76184,280.81412,-384.3356,465.55267,285.3254,-353.71094,562.6795,354.14877,-595.0404,506.3102,355.10062,-586.32697,696.0716,501.46176,-227.41307,371.46857,490.33005,-187.65016,732.9546,804.2564,-573.1717,304.19272,789.34125,-540.6015,675.5457,614.75195,-1178.2332,382.22238,574.06696,-1182.6993,663.89276,542.2266,-1270.236,395.0678,510.8303,-1290.0569,670.76013,516.8658,-1209.0682,392.9976,484.94632,-1233.7335,665.0684,535.42535,-1160.606,394.94507,503.33945,-1171.9281,608.32477,908.83496,6.6698475,420.715,906.56665,-6.6805916,748.71735,1178.9524,-782.75275,315.39355,1146.9113,-725.18506,661.6967,1418.8555,-122.697945,336.34924,1387.274,-85.11321,612.0303,1438.0708,-71.49678,367.4274,1415.3046,-35.087513,697.8643,1550.7928,-370.26004,295.27954,1507.3007,-323.64896
image_018.jpg,520.82587,290.0881,-597.5105,552.97723,255.22961,-550.1328,567.7953,255.49544,-550.1387,581.08344,255.75154,-550.2507,501.53943,251.6979,-547.0321,483.9721,249.42491,-547.0059,472.02563,248.94745,-546.9698,600.4452,269.8027,-278.9655,451.43652,261.31158,-261.18106,543.752,335.8108,-496.11603,489.25955,331.55115,-491.08624,668.7663,481.41046,-137.92245,348.43466,462.4878,-95.570854,711.6576,778.8052,-436.78455,278.08136,766.8874,-415.65778,667.0309,596.5499,-1016.63495,363.71863,545.9637,-1025.7618,653.3561,523.23694,-1104.6624,376.49582,488.1763,-1125.552,657.43634,500.84344,-1047.9178,374.8623,459.6994,-1074.7216,650.73987,516.79895,-1000.3017,375.86005,475.52466,-1016.00836,596.8157,889.1561,3.9253092,413.51868,888.16296,-4.0888376,738.16565,1153.7898,-774.40393,296.52017,1131.9849,-713.52295,650.736,1391.672,-95.159004,322.84586,1376.3109,-64.31947,606.04517,1410.4711,-41.43989,355.78778,1402.1095,-12.521199,693.74,1535.201,-332.6396,280.67316,1511.9034,-292.81412
image_019.jpg,355.05246,413.23355,-1017.9821,384.46878,364.6171,-975.2034,401.40552,364.44016,-975.4597,418.62723,363.92398,-976.01685,319.18237,361.2587,-978.8896,295.86844,358.54102,-978.942,279.33548,356.59668,-978.9708,438.66437,375.49854,-623.2713,248.28867,367.98315,-632.9715,377.5496,463.37564,-877.7804,308.82294,458.56033,-881.3589,511.97565,600.82007,-374.22894,121.12881,611.9994,-405.30737,565.60175,899.3223,-762.67065,89.88137,984.2497,-809.49713,538.13763,764.9111,-1578.3291,186.85403,747.0917,-1612.3527,519.43365,684.1777,-1708.5066,200.9746,679.8897,-1735.1533,528.97546,651.0565,-1655.7351,186.34874,637.1611,-1693.4235,520.1541,675.9678,-1569.3516,186.39906,652.13043,-1607.0464,456.86783,1064.7628,35.87008,231.55067,1093.2805,-35.530266,672.1039,1349.7122,-712.64777,181.34805,1457.8204,-244.3426,607.97845,1600.0498,148.70079,252.22826,1635.3855,646.22845,563.5355,1621.2686,228.43382,270.57474,1659.089,729.4556,658.39276,1766.6418,-20.95787,247.90529,1752.8705,483.86487
image_020.jpg,688.7916,330.4797,-559.6193,682.0816,283.72278,-503.13657,683.6309,282.02133,-503.4839,684.4896,279.9132,-503.84042,659.47955,288.00504,-588.8071,644.38806,288.38025,-588.7303,627.4884,287.78143,-588.7307,615.18604,296.6155,-195.3453,545.32367,298.26398,-573.7369,676.9385,381.05054,-436.81262,653.1021,382.0519,-545.7052,616.3896,521.1708,136.98026,376.60123,605.4071,-592.67957,658.5238,779.5287,-46.418407,482.73904,989.2079,-487.5878,758.6915,629.3144,-736.8888,642.66064,717.97864,-213.30219,792.3471,583.7123,-814.50775,699.0616,661.3236,-223.94968,777.1947,539.7783,-767.3949,677.82336,609.74744,-196.73065,758.52783,546.9338,-735.73126,659.3832,623.42017,-185.04068,588.86487,997.3565,256.40552,452.22775,1084.9404,-255.10292,947.6608,1074.0322,233.84003,809.9969,1348.4296,-535.2433,750.63116,1336.3792,512.66254,688.381,1351.1648,389.24414,668.27747,1367.231,544.39185,618.6179,1334.7458,509.28598,859.5917,1489.9885,605.8039,773.2644,1461.4044,737.53864
image_021.jpg,711.64636,72.31652,-817.5908,687.70746,21.818153,-759.19635,691.6813,19.357456,-759.6627,694.5245,16.661177,-760.12463,652.8995,30.884195,-843.4121,630.1809,34.436714,-843.50183,604.6235,37.72178,-843.56055,628.1223,43.484795,-440.9689,529.2947,75.955666,-802.83185,719.20953,130.10674,-690.39276,681.52094,135.33643,-794.1507,692.1591,301.70847,-58.527172,467.43887,450.5893,-852.29407,703.2879,629.80023,186.33008,606.59607,891.88824,-681.5346,651.58966,873.13666,-42.006294,788.71875,549.8915,-313.7328,752.34924,949.10944,-70.34019,838.3366,461.85602,-346.6018,650.6687,901.44183,-127.21542,814.98724,421.45312,-303.72363,716.7178,901.74146,-72.69253,791.9808,441.432,-283.66833,675.7021,915.8217,273.8028,539.10895,1029.5712,-272.3244,1054.8014,951.1806,272.00323,1043.5452,1259.59,-454.903,925.6068,1384.9165,784.0194,1004.2176,1531.9714,342.40726,829.9741,1424.6891,827.1841,950.73126,1542.3156,439.64944,1066.0425,1603.6798,841.4861,1154.4001,1701.0243,511.30417
image_022.jpg,692.83777,51.8631,-895.244,681.2077,-12.689782,-848.01044,693.53235,-15.907236,-848.4464,705.7373,-19.295744,-848.92224,629.4649,-0.6998867,-911.9912,602.3811,5.5029583,-912.07715,574.6031,12.312019,-912.1028,661.22815,16.666899,-537.5537,502.87106,59.908802,-808.0453,717.1685,116.8625,-767.851,657.12726,121.54267,-844.6778,694.5688,284.74182,-110.7262,475.80563,419.00287,-796.1542,729.7155,629.6004,184.56781,608.9913,880.3187,-574.75415,791.33606,669.80005,-15.069259,790.59625,529.15454,-225.28401,815.306,703.3781,-29.569754,846.7208,447.0488,-247.66924,829.65,670.17267,-69.474815,819.7805,399.3086,-197.60074,800.9718,659.6738,-37.711285,796.9381,419.59668,-192.45502,669.1808,882.8825,247.18571,553.582,1012.2622,-245.46053,1057.1504,892.0051,282.76437,1052.6136,1243.9126,-433.66245,932.33185,1326.8481,825.9826,1008.4215,1512.25,299.59286,852.01996,1317.6144,876.27844,945.3086,1523.1316,392.5926,1057.6299,1531.2501,919.30975,1166.7881,1671.2933,469.32352
image_023.jpg,613.2189,-17.899668,-792.5005,616.47546,-71.636,-739.11865,634.8751,-63.17309,-739.4629,650.27325,-56.1906,-739.7758,559.08673,-75.50518,-815.0349,537.61365,-67.64022,-815.0949,516.0503,-59.01436,-815.1831,615.36444,-8.750873,-410.05304,447.92728,1.9960415,-737.1739,636.8192,53.200542,-659.2025,580.1405,56.568188,-752.84576,615.36743,233.63463,13.124312,400.5322,314.67627,-764.89307,736.81146,508.5288,-149.15062,548.4042,770.57666,-590.78754,768.4243,363.1342,-837.8121,725.7055,408.45135,-118.696976,790.6947,301.15784,-907.2247,786.4442,325.5342,-107.446106,783.098,232.9981,-857.5929,739.37256,280.36722,-64.90584,746.4622,265.59027,-836.344,715.6383,311.96252,-80.095566,596.3573,794.32104,265.429,481.36407,925.3658,-263.83908,999.19745,808.5561,381.84766,980.37195,1123.8837,-416.29266,816.4009,1159.8668,849.51843,889.8649,1346.976,303.88025,745.7287,1170.0873,896.84174,814.58386,1359.2181,398.02985,947.5243,1336.5228,968.79944,1038.0607,1505.3259,519.3764
image_025.jpg,600.72485,-9.481396,-586.83746,596.93054,-50.42556,-555.87317,608.0164,-45.972168,-556.2532,617.9997,-41.629173,-556.64136,551.6499,-48.77321,-633.4662,528.3823,-43.79495,-633.7056,504.58325,-38.13185,-633.71155,575.2788,4.671017,-322.69653,433.65585,10.833189,-655.789,615.78595,45.6739,-486.41724,570.29425,47.80534,-582.1114,550.01385,267.1631,34.505196,427.05096,332.89722,-703.3622,623.327,529.8408,202.84026,559.0593,754.82495,-502.10968,746.9407,495.57568,-63.483673,741.11597,405.05945,-17.199423,775.11896,497.97766,-85.57318,796.5563,319.862,-12.854608,781.2805,460.57156,-102.54786,760.4106,273.68066,18.83118,753.7812,464.91513,-78.645905,739.0817,303.97452,12.724489,590.508,807.17175,255.4856,526.574,932.12274,-253.87296,991.5225,802.0745,480.8426,1005.9715,1119.8086,-297.06696,830.80585,1118.9971,885.5311,847.09906,1421.8884,173.20049,763.8385,1145.9548,922.73627,794.83636,1435.5897,237.3016,918.17944,1267.9047,970.11273,1004.7348,1598.2931,286.77277
image_026.jpg,627.47577,33.99803,-823.1737,625.2836,-27.450348,-775.3437,641.06616,-28.428692,-775.641,655.2295,-28.940006,-775.94073,571.1871,-17.625523,-847.99866,545.6166,-12.24291,-848.15955,518.04047,-6.5927563,-848.1544,627.8317,9.13066,-451.68527,450.6517,39.4803,-768.0898,660.35443,95.853485,-691.2903,602.4022,103.79733,-782.1693,605.3355,262.25577,-23.917685,454.87473,374.74225,-763.4978,787.7683,510.62503,-134.04979,633.6614,787.63837,-530.3085,790.0442,367.8064,-764.75574,770.37726,420.04044,5.7847676,794.84296,342.93042,-817.5872,820.4067,329.01382,31.04765,795.40857,235.88188,-764.7468,781.1515,289.9706,79.52317,772.2882,262.21875,-759.4907,753.70435,325.83014,48.204147,661.54987,817.8979,248.21873,569.8806,943.3565,-246.99947,1044.915,812.6967,269.19647,1047.783,1128.2517,-380.06265,901.0043,1104.2705,812.46313,903.60754,1450.6445,186.10548,830.8157,1158.7206,865.5921,847.34143,1514.6154,254.0224,1025.6986,1282.5604,911.717,1059.16,1664.9138,243.35918
image_027.jpg,658.7708,62.390186,-775.8784,654.69257,9.613714,-726.28827,666.29266,7.417038,-726.80493,677.0664,4.682286,-727.1916,608.9269,17.438711,-790.08673,585.13403,21.11536,-790.2135,558.8106,24.620869,-790.14777,638.1427,29.780134,-414.77127,482.46655,58.182858,-687.76025,673.6334,115.4902,-650.1173,625.26733,119.27548,-727.9729,660.176,263.50653,-48.824593,464.2777,400.1814,-720.1117,734.52704,552.7222,110.081085,652.0249,803.4256,-563.9285,688.6553,747.8693,-191.91994,790.945,469.46295,-184.52388,688.55786,824.13293,-238.47452,831.5647,382.84848,-209.80138,648.9846,785.0176,-258.47195,801.634,338.89508,-178.82114,647.6078,771.5184,-208.2966,758.07794,368.64084,-161.2554,683.38385,844.851,255.2251,580.14417,972.9345,-253.66124,1054.5742,852.37994,265.88034,1080.7999,1146.8224,-393.35764,942.25745,1236.7476,750.21155,964.671,1454.0897,137.58408,853.40924,1274.6366,792.4982,919.71063,1532.96,200.78683,1070.7235,1441.9949,784.53284,1139.5088,1670.8213,178.38145
image_028.jpg,728.98663,70.68292,-602.2734,707.6619,22.563643,-565.9513,712.35144,23.662067,-566.41833,715.6042,24.869923,-566.95636,671.8403,22.02451,-658.07355,650.25073,22.014032,-658.18933,625.8972,21.810759,-658.1573,633.673,54.72973,-313.8771,530.17523,59.355762,-713.41693,732.4643,125.449974,-492.3918,695.0145,122.72491,-606.9239,636.0662,310.33002,52.580215,479.70065,418.6955,-724.5077,724.3807,605.75287,325.83118,612.3306,863.6184,-524.19714,793.20355,567.0985,157.11336,773.58734,511.03583,-58.489616,815.9203,573.8895,152.86578,826.0102,430.44846,-50.36669,826.6509,537.6267,145.22433,800.2801,389.0082,3.65515,799.66846,539.64813,146.85222,771.48114,415.32266,-19.585255,682.29224,870.49976,255.18991,582.3212,1012.84125,-253.04791,1071.1943,873.53217,351.61188,1077.3596,1221.1271,-307.45465,964.0144,1264.5054,749.0987,1007.8511,1549.7548,158.88536,872.3645,1289.8142,781.6219,948.2773,1576.454,218.5871,1068.6279,1446.7628,795.24664,1140.6218,1718.2103,218.62257
image_029.jpg,703.8025,87.70434,-594.08704,676.1888,43.1853,-559.1892,676.374,43.924095,-559.6765,675.4171,44.75093,-560.2471,649.8448,43.861324,-657.3928,632.137,44.301243,-657.43713,612.6137,44.359787,-657.6399,595.51697,69.72298,-302.37088,522.9958,73.23826,-731.6912,693.64,144.0961,-481.29575,663.9662,145.02928,-604.7785,603.724,317.28452,75.79364,445.36978,466.69778,-746.7223,669.7299,539.66187,286.33612,571.1799,898.7078,-520.60126,756.22,429.87558,78.342804,731.8108,559.1629,10.1982155,764.48755,407.94955,67.23677,784.8363,474.77618,23.39483,772.42346,370.97882,74.86816,760.279,426.7111,66.85101,750.9888,384.6719,73.450775,734.9441,450.0976,46.363873,629.1652,916.1652,266.87854,533.1057,1054.3209,-264.93973,1070.1771,907.95874,436.83682,1021.7686,1266.8723,-329.69128,894.5268,1324.9604,775.248,942.63165,1548.7609,212.3703,817.7815,1318.2538,803.7055,881.32117,1561.6404,282.41147,1002.7264,1533.5243,858.79315,1049.6982,1704.836,355.58154
image_031.jpg,493.99005,476.276,-1028.1289,518.58673,436.27805,-978.8588,532.5465,436.4833,-979.0019,546.1899,437.02716,-979.3446,465.79578,431.33905,-984.2934,445.68124,428.1702,-984.40607,429.7198,426.58972,-984.3923,562.0035,447.0676,-616.5114,401.67886,437.2162,-643.8467,510.84552,520.3074,-887.86914,453.5,515.3715,-896.08484,616.2371,665.1539,-361.40936,278.14978,636.95233,-365.55234,612.41046,972.8679,-676.26447,201.28423,957.86523,-691.1046,628.80414,819.474,-1481.153,284.59607,765.4247,-1464.2007,624.2322,754.5929,-1604.6157,311.82394,718.3843,-1571.559,633.1482,721.8849,-1571.8304,309.61728,681.22363,-1542.552,628.8583,734.10266,-1478.4308,306.50827,693.19507,-1460.7286,533.48895,1085.1144,31.549105,324.69098,1082.2805,-31.503847,706.71136,1411.1378,-507.02045,190.69727,1392.3812,-251.51978,608.9834,1554.3801,300.2834,210.62402,1525.553,511.4142,561.1621,1555.2322,380.1649,225.24034,1549.5099,585.8129,631.10944,1675.5548,248.41495,172.64577,1618.8602,447.392
image_032.jpg,515.6086,260.00464,-545.81323,542.6828,227.26782,-496.68423,555.7693,228.50592,-496.78854,566.68414,229.6885,-496.93256,497.05774,220.86122,-497.11993,480.10907,217.99828,-497.1631,465.65356,215.50012,-497.2151,579.0076,244.41328,-223.61832,443.16943,222.31883,-220.08737,529.87396,303.91095,-444.84012,482.01422,296.76407,-443.7541,620.67035,460.4179,-87.62785,327.08282,412.9857,-91.1107,621.9842,703.8221,-363.4156,217.61168,676.5324,-398.97083,614.8859,581.35706,-925.7188,317.94754,499.69357,-970.72266,602.89856,529.9599,-1013.72504,338.85605,460.19662,-1067.165,604.27374,506.9965,-971.4599,340.74084,428.5447,-1031.352,598.5176,520.8757,-918.2959,341.463,438.5396,-966.17114,500.0743,842.5257,21.970201,332.26654,823.39465,-22.232092,626.6606,1066.5787,-733.1369,217.85706,1036.9535,-732.73474,520.1589,1296.7233,-33.73603,188.62862,1300.8971,-130.84364,473.8525,1308.1599,22.913057,212.25038,1323.4551,-81.676125,559.477,1453.6293,-256.69016,139.57127,1442.2922,-393.7918
image_033.jpg,535.8284,231.55513,-325.39117,564.5697,196.78198,-286.2669,577.61597,198.46506,-286.44208,588.6392,200.10007,-286.61816,516.8505,188.50523,-286.7687,499.81656,185.09088,-286.80576,484.8905,182.88501,-287.04205,599.3625,216.2008,-83.477844,463.2118,191.72229,-84.35935,549.6827,274.33392,-254.77853,500.30374,266.21863,-254.65506,635.7062,432.98312,8.496781,342.93588,387.98297,-10.056967,637.42236,686.61707,-171.46263,246.89616,653.267,-228.76257,633.0476,555.0994,-603.39813,337.77502,476.1345,-662.8544,620.00665,494.31592,-658.46564,360.1659,446.17984,-727.1563,619.07983,471.2588,-623.85114,363.9703,413.52856,-688.80786,615.6194,484.22906,-596.1807,362.03738,422.00626,-654.1942,514.2879,816.92474,25.882435,341.69614,797.7046,-26.300604,633.8129,1036.8683,-560.54395,237.99513,994.00275,-492.49054,536.38086,1254.7766,-7.3692694,207.55879,1253.2021,-45.711,486.67868,1266.3424,33.230053,223.51364,1276.5968,-15.179228,572.1178,1421.0242,-177.41093,150.48132,1414.6417,-251.73961
image_034.jpg,581.17413,245.54872,-314.63104,610.2893,212.95346,-274.57745,623.31256,213.62271,-274.71417,634.76263,214.40804,-274.8612,562.2201,206.76929,-269.3472,545.1376,204.07674,-269.34198,533.5475,202.7127,-269.49396,648.7753,228.68877,-73.533615,514.60095,211.56554,-48.406586,598.087,286.85037,-245.07137,549.89014,282.2367,-237.62341,703.74524,447.78058,14.226416,409.79025,401.41653,34.14775,686.97705,709.04236,-199.96143,323.86905,664.4545,-198.96735,680.891,550.1327,-652.3166,393.9375,491.34753,-680.1942,675.5944,497.53043,-710.89966,409.79572,459.6053,-748.80396,679.8262,468.62485,-671.07117,413.88986,427.33224,-710.68463,673.7528,479.07538,-641.0805,414.60394,434.26273,-672.8693,577.9994,818.22754,18.299603,407.9558,798.2088,-18.832989,698.4857,1035.242,-596.03564,300.28983,990.63745,-502.2818,598.55695,1269.7006,-72.41964,277.9055,1252.4794,-34.14198,555.842,1283.3264,-35.19837,297.98444,1281.4198,-1.9330121,638.2697,1429.3197,-266.92496,215.29416,1410.075,-236.37405
image_035.jpg,554.65753,23.776604,-594.90894,596.3474,-31.782955,-631.9733,618.1508,-29.119864,-631.9734,641.7559,-26.671844,-632.09485,557.8889,-35.47783,-553.7109,551.13513,-34.995213,-553.7952,545.0485,-34.783928,-554.1822,710.6675,4.128363,-629.8412,593.7795,-1.8347595,-265.10562,602.6795,81.52729,-582.2936,560.6226,75.30482,-474.60425,867.59875,302.42276,-532.61115,540.59155,232.20439,-16.438461,797.27954,702.99023,-643.51306,480.3882,582.86847,-163.91,649.4658,478.52103,-843.667,399.4304,412.71133,-788.1309,605.35406,394.41232,-886.7143,383.8968,356.227,-876.8966,624.33215,354.38336,-860.5479,380.091,330.90652,-846.30365,632.2301,373.20145,-826.1288,394.0574,340.95544,-795.7416,687.6958,840.5956,-171.22252,512.62366,757.3973,171.59999,424.145,1159.7246,-205.67505,164.37326,903.0437,48.023685,447.85574,1444.5396,312.48862,220.66629,1184.822,664.40735,463.4762,1463.2609,344.5021,277.93134,1226.4156,718.0079,299.74612,1608.3019,109.84716,78.764534,1314.7295,657.15607
image_036.jpg,649.3143,157.63992,-552.69385,675.1804,110.43851,-575.60144,691.38086,109.20689,-575.6318,712.19666,107.15503,-575.8361,648.6468,110.44916,-508.4316,642.6958,109.98345,-508.37485,637.6093,109.20292,-508.53928,777.9436,115.50648,-525.94824,679.6461,118.544785,-218.81378,678.5747,202.85274,-527.2017,652.569,198.77315,-437.82657,916.913,382.96747,-530.76746,674.2667,327.21625,81.92472,866.4687,747.01697,-513.5869,639.66986,621.24176,-1.5472773,698.3937,534.7788,-400.8356,541.6934,499.2592,-502.84067,633.808,464.31345,-398.93213,504.8124,455.41544,-563.6478,656.9502,428.99713,-368.4984,500.9964,431.54636,-544.6464,671.3584,442.08755,-371.634,525.7425,442.19418,-513.65686,793.2005,882.7482,-193.10353,650.5476,799.8745,193.45148,498.43817,1149.2576,-271.82852,333.0648,908.0082,190.59892,535.52386,1428.7668,153.9347,394.16214,1179.167,579.6166,556.84546,1449.4152,195.11185,426.8852,1214.574,614.1413,405.98242,1573.2957,119.67735,240.19724,1271.2546,610.1033
image_037.jpg,660.60547,171.51344,-502.34293,687.02496,128.11545,-526.48224,701.6359,127.64754,-526.4349,719.49896,126.78628,-526.58246,665.4837,126.554214,-458.07675,661.15765,125.676056,-458.0057,657.36066,124.877655,-458.08044,778.6595,144.95903,-491.98203,696.1725,140.68515,-183.84415,686.8273,214.89862,-484.2229,663.85443,210.4551,-394.67355,899.5028,415.04443,-533.34845,674.5965,345.36957,115.16688,813.45807,747.8848,-518.0187,593.0583,587.44995,-5.583479,648.6614,503.1194,-359.3928,530.5268,487.4086,-512.8222,605.27344,444.36597,-350.9874,510.9178,442.93173,-572.53754,629.55194,415.91388,-326.91064,521.29895,419.42224,-538.96313,641.50354,427.17755,-330.82697,541.62,430.2835,-518.4063,766.01697,877.3339,-198.23486,635.63403,793.61646,198.30954,464.34393,1077.7311,-360.15384,320.96762,876.90924,197.29472,477.98868,1397.3652,-28.576975,359.1234,1129.737,542.921,499.7731,1430.1736,1.9968827,382.1189,1178.4797,571.93665,365.36472,1485.4875,-105.20432,218.97865,1209.6428,571.24725
image_038.jpg,635.0313,180.86441,-526.8635,661.80194,139.55388,-547.54156,677.5817,139.66428,-547.5738,696.3369,139.58751,-547.82806,641.0941,138.32762,-482.4335,638.8164,137.68056,-482.37933,636.39935,136.88727,-482.44965,751.185,158.61589,-495.9046,676.8649,151.18248,-207.62125,662.1129,227.44478,-502.48694,637.39197,222.3456,-418.9186,859.40094,419.82224,-555.6799,663.0885,351.13123,94.26542,764.48517,757.8054,-520.1343,546.66986,627.3419,-41.47263,613.8183,516.69525,-329.26163,514.31177,522.26105,-573.35675,570.32776,459.50214,-322.36487,482.5324,477.66745,-644.83356,596.9825,429.9887,-310.23883,495.83783,452.13895,-601.6201,610.9831,442.4805,-305.181,519.9683,469.76773,-575.0541,746.31024,886.64966,-208.79135,629.1761,802.84607,208.80232,401.13992,1078.3447,-348.37366,297.7364,871.69916,209.1151,444.091,1407.779,-66.86453,316.29004,1132.7084,518.773,484.3845,1447.286,-33.78642,346.4256,1179.5162,550.88666,325.19214,1490.9999,-86.90677,176.58537,1200.7955,589.4419
image_039.jpg,651.4063,217.32538,-427.69586,679.5884,178.59135,-459.6207,693.9733,178.23799,-459.7193,711.08545,177.59198,-460.0506,660.4995,178.52005,-389.52747,657.60315,178.40869,-389.48883,654.6241,178.05293,-389.5875,770.34,193.17436,-454.50546,697.0485,189.87627,-142.16115,677.38904,261.62024,-420.42337,654.9782,257.67023,-329.98682,893.05975,451.27972,-533.04706,701.2249,387.71112,143.17828,786.48047,810.80646,-433.45404,631.1682,655.95667,81.9339,625.95233,578.09625,-102.02682,558.2492,570.5764,-391.248,574.4579,519.702,-74.74475,516.9643,521.3588,-452.69537,598.9288,481.0157,-64.13247,533.41095,478.1538,-424.0793,616.71436,498.22375,-74.15003,560.271,495.9887,-397.606,782.69006,940.33905,-216.41014,663.6948,850.739,216.65805,396.0609,1129.7944,-288.42654,318.31186,904.74634,306.02078,439.6216,1448.8348,-49.99557,344.66794,1166.4556,582.36926,481.2367,1473.6503,-15.768962,373.0179,1214.1256,613.65186,317.03085,1634.7349,-14.753271,209.16588,1239.4126,680.1505
image_040.jpg,738.2561,274.1001,-323.19943,765.4373,233.46944,-368.3023,778.8505,231.66214,-368.376,794.24634,229.43121,-368.81326,744.6957,235.246,-283.23105,742.4689,235.34258,-283.00085,740.841,235.19635,-283.05698,862.3553,241.63408,-419.09277,795.582,242.90619,-36.256306,768.5665,319.21475,-337.30887,744.58014,316.28802,-226.35774,994.42206,510.98877,-532.78503,784.89526,450.16263,233.65497,872.89795,877.24896,-434.4078,698.1582,720.80865,84.01988,708.7231,622.46436,-73.447296,656.418,638.4354,-494.3462,650.86646,563.40405,-61.737022,610.94617,571.9065,-573.664,680.18555,528.0299,-58.85192,633.9214,530.29913,-548.6504,701.0749,540.04486,-50.303417,659.8349,541.58075,-506.30753,876.57245,1006.15454,-237.58339,752.2664,916.75726,238.18788,459.36362,1154.425,-401.65884,435.5559,947.26935,302.77798,494.07498,1429.5936,54.577065,450.59363,1253.8113,589.9097,557.9655,1460.2657,110.68447,497.77304,1308.7299,620.5299,327.98874,1574.858,163.96417,312.66144,1296.6584,668.6455
image_041.jpg,212.66864,68.79392,-72.44423,217.29103,61.811787,-84.4996,218.67078,61.907124,-84.516655,220.21191,62.04578,-84.557816,215.73744,61.493237,-58.77006,215.96976,61.314568,-58.759792,216.31708,61.111824,-58.784576,229.73259,65.99208,-103.64148,225.70207,64.35654,12.608102,216.12697,77.61106,-78.331726,214.40309,76.97785,-44.668095,243.9231,102.56498,-157.63144,242.09816,106.24284,98.62022,259.78418,134.84999,-313.76044,251.42607,149.56744,212.51814,235.2963,123.68638,-447.59012,241.16858,165.87198,284.2116,230.57845,118.47096,-485.78183,240.90431,168.53177,304.99008,230.89279,113.71232,-471.96692,237.37617,167.86493,286.39813,232.01157,117.09012,-446.10095,236.7673,167.2262,278.39114,280.30597,207.71158,-91.590096,273.65515,207.19676,91.68843,217.42044,252.05989,-117.116875,225.57507,250.46494,89.86196,259.77148,322.95398,-76.339516,257.87238,316.32626,152.98953,270.89664,337.9387,-70.22662,272.73517,327.33545,158.43214,229.29813,339.303,-88.02425,230.4596,333.48038,141.24391
image_042.jpg,209.1278,98.808876,-22.346058,212.62424,90.86282,-34.59718,213.63594,90.89892,-34.612938,214.85425,90.96834,-34.645622,211.47105,90.88461,-10.145995,211.6624,90.8373,-10.120199,211.93094,90.78709,-10.159522,224.17677,95.0988,-60.21792,219.85574,94.392624,50.3764,212.1747,105.879425,-30.77092,210.92897,106.04372,1.1974236,241.65619,127.144035,-127.1642,237.5495,135.94975,126.18811,249.46806,153.84442,-254.48233,246.66449,175.64903,201.29391,221.02536,165.96277,-353.10443,238.5015,199.26352,219.29762,216.25397,168.28212,-386.7191,239.32057,203.6345,231.0478,213.64403,163.62407,-374.53967,236.05762,201.96916,212.18396,215.4474,164.1587,-350.6523,235.27852,200.41301,211.86838,277.09543,226.40895,-88.47482,270.29205,227.06316,88.46669,209.82057,258.38794,-111.78493,214.15915,255.70906,90.07978,258.94513,323.13412,-64.34204,256.28763,313.49405,118.55208,270.28766,334.96732,-56.55716,269.1013,317.16498,121.5192,232.23532,338.6301,-56.932888,235.72375,333.3201,114.309395
image_045.jpg,223.40955,201.07874,-325.33014,226.04556,196.18332,-324.1027,227.7011,195.09534,-324.0753,229.72719,193.61159,-324.1702,219.56195,197.5086,-322.3382,217.54364,197.22102,-322.37637,219.9415,192.55812,-322.38336,236.14647,184.70432,-263.7728,209.11096,190.89331,-254.64948,226.29128,203.7639,-297.79193,220.23314,205.17534,-295.26147,251.1519,193.10368,-190.47449,200.88669,197.60756,-178.69107,273.7564,197.08887,-268.38882,175.24101,207.7607,-231.0992,283.06577,172.86769,-372.0036,166.18939,184.15504,-302.1771,284.96457,172.15326,-394.2416,159.5334,177.28133,-316.90408,282.21826,169.65393,-394.43024,162.37717,174.2765,-314.97073,279.53967,171.718,-374.64502,165.23012,176.65948,-303.12006,239.64899,260.85547,0.15298615,205.09184,261.16644,-0.082732394,247.25967,302.3667,-142.91862,190.27197,307.37527,-155.71039,249.50821,344.0707,-41.344604,195.10832,352.34543,-47.000908,246.85439,345.2785,-34.426094,201.39609,365.24365,-39.406322,260.7454,369.7776,-105.43504,191.59322,379.25046,-113.94067
image_049.jpg,208.16391,170.2225,10.430021,203.11517,162.89424,23.959099,204.22838,162.06842,23.923145,205.32735,161.46037,23.883451,200.04123,168.83606,15.023389,197.5603,172.04129,14.958073,197.32335,173.78906,14.92984,208.18597,168.73639,82.16628,198.97636,180.59045,40.812523,214.6705,173.79071,31.075266,209.86229,178.50674,18.697388,237.29845,173.39925,89.07391,212.30655,216.88083,51.135517,270.95435,181.7246,9.605548,229.34297,246.04262,-21.076067,261.37485,174.55437,-98.022896,235.22511,238.1975,-102.14455,259.0367,172.88055,-112.91133,238.90466,237.81601,-113.57546,254.2971,170.26663,-111.1187,235.95773,232.90816,-110.52477,254.96815,172.48512,-99.214035,235.95111,232.63573,-101.081345,286.992,213.26634,12.60046,268.56238,240.5718,-12.644704,277.6657,160.19109,-109.30204,240.5359,238.95255,-170.55072,298.13403,206.58243,-168.70558,246.02695,309.1001,-268.41977,300.08203,214.12941,-178.68945,251.45868,316.51038,-282.04218,306.69897,217.52501,-222.63295,240.73471,336.6039,-347.3322
image_055.jpg,222.11096,165.52191,-69.12156,224.28226,159.94383,-77.371864,225.11711,159.84654,-77.37463,225.92863,159.7521,-77.4114,223.15855,159.97075,-61.798405,223.28693,159.85335,-61.77384,223.59494,159.6579,-61.794125,232.10526,160.69359,-86.6116,228.95695,160.31631,-16.413883,226.20102,169.99771,-71.24055,224.53833,170.43076,-50.929714,247.2591,186.67957,-112.73513,246.72046,184.33632,50.423695,252.11243,210.25038,-217.21234,249.37274,200.085,148.94107,245.27902,189.50696,-309.35022,245.91113,183.78453,226.19678,244.29337,184.30215,-334.8096,245.6438,180.1029,244.50723,247.13759,179.37251,-329.38214,245.9763,179.07724,239.1685,247.61064,182.24072,-310.0299,245.59966,179.84834,226.30588,272.15118,252.33592,-58.153473,266.2181,248.54485,58.18383,229.05211,267.4387,-73.01755,230.07977,256.59988,84.280205,261.12283,304.00366,-12.614346,259.5879,292.5968,125.8575,268.67926,306.18668,-4.458716,267.97278,296.06836,129.72964,255.66588,324.16245,6.3299694,256.7279,308.95123,136.19908
image_056.jpg,208.78291,103.971855,-37.58441,212.32126,96.26955,-50.504284,213.57965,96.2275,-50.523624,215.05899,96.111206,-50.561058,211.20836,96.16509,-25.273535,211.56006,96.01671,-25.249542,211.99974,95.73377,-25.284534,225.63326,99.694405,-77.25251,221.52208,98.666435,35.974014,213.09268,112.42882,-46.584507,211.73764,112.47174,-13.842934,245.69186,138.49841,-137.05711,240.45773,141.47096,112.8067,248.70592,187.43379,-199.00093,251.49788,187.44858,163.88454,225.9556,203.581,-216.48578,242.69374,210.36673,150.35031,221.95895,207.52486,-239.72902,243.36153,214.9815,153.31628,220.39284,201.25623,-236.60376,240.02982,212.12292,136.51822,222.41333,200.51833,-215.57867,239.31616,210.90434,141.9338,281.16678,235.26656,-83.94464,270.4141,231.9603,83.99526,212.25305,259.8231,-115.738556,210.3499,251.76591,123.391525,257.82007,323.68994,-53.32063,255.59634,302.34177,176.75832,269.3958,336.58997,-44.899235,272.1867,299.9228,181.80206,232.63034,340.58536,-43.755688,243.11884,324.42593,186.8263
image_057.jpg,208.85138,95.05585,-40.065956,212.37363,88.036026,-51.029945,213.62346,88.232155,-51.054382,215.0333,88.52054,-51.09749,211.12384,87.9063,-26.628265,211.32104,88.02099,-26.5984,211.58185,88.124115,-26.640574,224.2772,93.40297,-70.473434,219.5527,92.4668,39.588085,212.11794,103.258385,-46.207756,210.49265,103.63692,-14.281406,239.72833,126.5235,-132.5778,237.1417,133.87573,122.41745,245.65129,164.36662,-238.98602,247.86461,177.13385,188.59062,220.21521,180.56812,-322.25143,242.65192,201.76808,192.0156,215.95488,183.24922,-355.0452,244.26007,205.91438,201.39815,213.9558,177.38391,-344.60657,240.88411,203.54831,182.92128,215.7725,177.65376,-320.18454,239.8537,202.133,184.33727,276.48593,225.75868,-88.167175,269.2058,224.85406,88.18535,211.67859,259.94644,-114.51109,214.0607,255.95045,88.63361,259.07697,325.54816,-68.20939,255.67226,315.62167,128.5224,269.77853,341.05786,-61.004055,267.5885,321.09586,132.24785,230.31473,341.09827,-62.206444,231.50197,334.90234,128.03622
image_058.jpg,207.97617,106.7748,-39.83683,211.72072,99.28859,-49.650917,213.22867,99.28239,-49.648872,214.95197,99.30268,-49.660564,209.83987,99.19819,-25.435398,209.88959,99.07082,-25.393524,210.03806,98.8896,-25.425024,224.67264,102.868454,-67.07766,218.98874,102.32853,42.393238,212.10637,114.536934,-45.663757,210.2766,113.963165,-13.998923,242.60043,136.55365,-125.71459,239.30652,143.57051,115.14944,242.62325,175.8322,-242.93214,251.13474,186.76466,169.45854,220.74112,182.50705,-345.18143,253.0252,214.73662,166.75134,217.8772,181.89583,-378.5595,256.19995,219.63799,174.48203,216.7959,176.41127,-369.45285,253.5859,218.78069,156.57669,218.1962,178.19894,-343.92346,252.28464,217.39122,159.25812,280.99557,234.01303,-80.71955,271.85245,231.46994,80.64192,212.20535,255.90312,-117.52831,214.20053,251.9041,116.58334,257.8947,323.54062,-81.92006,256.0175,307.41867,164.38194,269.21585,338.6263,-75.69488,271.94547,306.6022,169.73581,231.36334,341.79337,-79.27661,243.10452,326.70813,172.87265
image_059.jpg,210.84457,82.021515,-48.427868,214.45941,75.128296,-62.57324,215.56981,75.25088,-62.569443,216.79453,75.40373,-62.582367,213.3561,75.02288,-36.154037,213.68605,75.01074,-36.12744,214.0863,74.96532,-36.160896,226.11214,79.428925,-89.767784,222.74919,78.274445,29.214228,214.53497,89.93849,-57.14087,213.28337,89.58653,-22.661346,241.59224,112.45378,-154.18015,242.60957,114.791176,110.10139,245.60335,129.8535,-318.8645,246.9908,157.8025,207.15732,222.50818,117.417725,-452.33466,234.40631,180.00945,264.839,219.65976,111.05471,-490.88727,234.35632,184.248,285.06366,219.86252,108.18013,-477.30307,231.41281,184.19832,264.90466,220.43466,112.00485,-450.95908,230.63289,183.05415,258.0465,277.79404,216.02333,-92.97411,270.77167,214.56522,92.98715,213.51373,257.77182,-114.1202,218.1637,251.93448,93.91448,259.9247,326.2013,-68.31319,256.14374,311.62112,159.19902,270.0714,338.9928,-61.173904,269.98163,319.9994,165.28949,229.3897,342.69946,-70.0641,230.45825,334.8286,156.39082
image_060.jpg,225.9176,174.72374,-40.515015,221.40807,169.36972,-22.888172,222.402,169.06128,-22.940954,223.38123,168.81908,-22.995895,217.22449,171.70886,-33.62833,217.12718,174.77057,-33.647476,215.39972,176.07211,-33.652157,226.08974,175.63559,47.902946,212.74167,184.11041,-0.9813997,231.71504,180.4442,-15.575675,226.47188,183.81242,-29.883373,254.81612,191.75775,79.89179,221.58408,228.56848,18.200985,289.8153,210.25723,73.12466,242.92831,267.1126,-3.835398,304.76938,211.01598,31.751772,260.2692,273.21567,-33.589127,311.61713,210.82933,23.022055,265.52112,276.4109,-43.850986,306.97406,211.09987,10.402143,263.42548,273.67227,-53.392693,304.28857,211.69487,25.937296,262.90598,272.66025,-36.784542,303.6754,240.40526,21.16401,286.60632,266.20316,-21.153461,302.21085,184.25967,-77.40986,255.9509,259.0218,-231.03719,345.16516,226.74446,-144.64178,266.88168,306.22305,-363.86496,349.3064,238.30412,-156.25288,275.18643,312.60184,-381.7977,363.26892,228.25496,-216.20491,256.26526,323.03625,-470.18762
image_061.jpg,198.53217,121.526794,-47.054195,202.60587,116.02883,-58.837006,203.53362,116.04417,-58.8501,204.5755,116.05909,-58.85676,202.46606,115.91218,-35.305973,203.25783,115.831924,-35.30045,204.19223,115.701996,-35.288067,211.56349,119.97768,-86.10453,211.62509,119.05798,19.24265,201.30682,128.09572,-56.319725,200.97003,127.98113,-25.70777,214.60506,155.04134,-145.63052,216.10141,150.9923,85.138794,170.39632,153.69583,-197.36174,174.0891,152.07404,105.8037,135.47699,131.6229,-189.17636,140.96362,133.46959,43.33806,125.19459,128.72115,-220.38762,132.648,130.02585,40.042587,125.01817,126.70786,-207.03078,131.29686,129.0966,19.007046,128.76585,128.16986,-185.25577,134.92068,130.8764,31.573828,246.27104,236.57315,-79.07898,240.1852,231.26648,79.121796,196.86078,268.0181,-96.96561,196.49081,262.19376,80.5901,223.26633,333.3531,-41.664227,221.97466,323.4454,160.37947,232.41475,343.88074,-36.075768,230.29707,330.4656,167.85468,198.09105,344.88348,-56.383644,198.84598,336.02463,161.2295
image_062.jpg,210.21901,125.20946,-152.86392,213.83253,120.33426,-142.0705,216.06401,120.31223,-142.07555,217.64632,120.242035,-142.08316,207.33966,120.45143,-142.65027,205.15144,120.35379,-142.649,203.05215,120.293274,-142.59341,221.12035,123.15588,-80.69769,200.67429,123.09861,-81.89827,214.86482,131.02959,-130.4425,206.82549,130.46617,-130.88383,233.74126,157.113,-83.48518,188.89322,154.05852,-81.98055,236.3741,170.30305,-258.04608,183.73192,163.24739,-251.46681,238.06621,152.1414,-416.52548,181.5622,145.74858,-418.64307,239.90796,145.00795,-450.71228,180.50813,140.05647,-453.71542,238.47949,142.51521,-443.278,181.98729,138.55276,-446.69653,236.22891,146.15224,-419.4966,183.4764,141.1488,-422.64087,224.22464,232.882,0.39990956,194.43594,232.12274,-0.4858517,237.59648,272.6711,-149.56021,185.0764,272.0823,-153.03394,239.22902,325.4624,-76.90559,183.84372,326.7226,-67.26939,236.07173,331.33417,-75.118935,187.10664,333.4155,-63.705925,239.53627,345.14935,-160.3109,181.62062,346.53476,-141.33928
image_063.jpg,209.79582,127.9695,-129.67436,213.45767,122.721436,-118.81087,215.40524,122.68597,-118.8275,216.8246,122.73233,-118.83467,206.46199,122.47769,-118.70698,204.37952,122.469124,-118.69942,202.05571,122.51764,-118.652596,220.34015,125.80537,-59.828922,199.757,126.2369,-58.64862,214.03998,134.10536,-108.40696,205.86177,133.83327,-108.05849,232.76807,160.8372,-67.1361,188.09567,159.22083,-60.63725,235.8577,174.35439,-234.12897,185.15927,169.95186,-224.1192,237.02081,157.78119,-381.64316,181.34288,163.82536,-394.60577,238.18486,151.37468,-414.40924,177.88425,155.5728,-429.1967,235.771,148.82307,-407.6197,179.34451,153.14107,-425.22458,233.75902,152.07352,-384.45584,181.90555,156.84904,-400.1092,225.64264,236.87935,0.2731607,196.05002,236.62813,-0.31648076,239.74162,277.16214,-145.21574,181.08432,276.0769,-163.55397,239.06819,329.34033,-71.49654,184.38808,327.4487,-67.10256,235.33206,336.93808,-69.5241,188.97162,333.78537,-62.218086,242.81058,345.5874,-148.06425,180.00142,346.84384,-132.78255
image_064.jpg,209.40627,129.51617,-121.915184,212.97563,124.32793,-110.071526,215.1952,124.33473,-110.092804,216.71573,124.35544,-110.1018,206.23491,124.201225,-109.49667,204.27477,124.14109,-109.48671,202.11632,124.15332,-109.43903,220.69872,127.27164,-49.72258,200.14407,127.72584,-46.780464,214.11746,135.72595,-100.546776,205.80736,135.63983,-99.67599,234.06888,162.4391,-55.51672,188.2949,160.24864,-50.357956,234.51297,172.04913,-218.3528,182.76039,168.53714,-208.94495,233.90912,153.77603,-359.08817,179.10297,156.63516,-369.67386,234.48228,145.58127,-390.25064,176.68164,149.02158,-402.62033,232.61047,143.66638,-382.20862,178.97002,147.78561,-397.87103,230.71251,147.3983,-361.12445,180.78813,151.02422,-374.5692,225.17484,237.41978,2.7749193,195.67532,236.69684,-2.822506,240.78996,277.38748,-143.33882,180.83188,276.84033,-154.055,238.50316,331.45624,-86.66193,184.35196,327.92526,-71.20546,234.32526,339.94266,-86.01003,188.69981,334.2881,-67.591034,245.15556,345.34015,-163.04472,179.4202,346.04617,-138.07231
image_065.jpg,229.15735,83.449554,-75.02585,234.96693,74.78787,-60.563393,238.13286,74.92865,-60.564407,240.49814,75.19436,-60.58565,223.49088,74.27846,-59.13442,220.02927,74.18743,-59.13204,217.50577,74.204346,-59.109814,244.82417,79.05014,11.093728,214.72066,78.377014,18.687588,235.98404,92.85967,-49.666565,222.29083,92.416336,-47.540638,270.05328,134.08707,33.226974,194.04298,134.84514,37.21494,279.34628,181.29121,-90.06426,184.61649,185.96188,-67.3637,300.21796,146.67522,-262.02325,165.52206,143.42892,-233.6777,304.72495,133.40784,-289.80798,162.02412,131.91293,-263.87653,302.62683,128.00577,-282.8965,165.12302,126.88042,-260.6419,300.31506,132.12656,-263.43112,167.46983,129.86296,-236.99243,255.09299,239.66869,-0.45231172,206.54272,238.80643,0.5329564,296.91415,248.89082,-263.91364,157.13576,250.28922,-234.1572,267.63705,334.65317,-160.58466,187.31352,333.59528,-135.17773,260.37122,341.59158,-152.19159,195.66014,341.92435,-126.78005,263.4911,358.73486,-235.64473,191.2518,358.52136,-204.56393
image_066.jpg,222.45784,66.65049,-108.07497,227.76599,58.61911,-93.88808,230.9088,58.760677,-93.897,233.52357,58.997528,-93.923706,216.2271,58.749348,-91.98549,212.5801,58.974083,-91.98811,209.88872,59.32395,-91.97158,237.8545,63.763275,-23.542597,207.9229,63.81917,-14.071146,229.83188,76.197296,-83.53938,216.18039,76.92901,-80.820404,265.78268,121.51827,3.211162,187.36813,122.008835,6.584706,276.4958,170.4279,-135.6947,176.6724,172.7202,-108.46429,294.97427,131.91077,-312.4219,160.11592,129.35454,-285.3296,297.48013,119.85402,-343.1625,157.40953,118.35666,-320.01572,295.31592,113.7923,-332.69617,160.58984,115.04058,-315.75687,293.4532,117.514145,-312.90955,163.14932,117.6951,-288.952,249.36185,228.51431,-1.1315733,201.06516,227.4224,1.2945282,284.61566,247.17802,-273.94785,161.75505,245.42485,-273.76028,264.83304,336.06305,-180.33882,186.96642,334.26572,-184.17485,259.16898,344.63794,-174.22615,193.26678,343.07147,-177.61595,265.51297,359.58603,-270.80206,185.57326,359.7749,-267.63593
image_067.jpg,224.57303,88.972206,-59.449196,229.47037,79.30758,-45.295258,232.39934,79.26006,-45.281956,234.92647,79.27448,-45.320393,218.88681,79.45118,-44.453487,215.29608,79.464355,-44.436497,212.31503,79.53416,-44.396168,239.16579,83.13762,25.878325,208.28339,83.58237,30.340899,231.13283,97.17683,-34.00784,217.5864,97.53392,-32.843422,263.4833,138.19537,51.180656,188.23315,139.90906,53.64718,278.8184,184.08228,-48.100727,174.6695,187.26639,-35.946728,296.00714,146.31126,-188.10573,157.3898,142.02257,-182.89964,301.25198,135.35005,-209.90446,154.93396,131.32993,-208.14919,297.3998,129.7922,-203.65721,159.00516,126.85916,-204.60245,294.51923,132.97026,-188.92487,161.02295,129.9966,-185.21005,248.66481,242.02756,0.48868603,201.90353,241.05272,-0.40260315,294.63416,232.71925,-252.19104,149.98274,231.2864,-234.96802,260.342,322.24423,-155.36768,182.00023,319.28345,-145.90169,253.05127,330.1833,-146.74496,191.17056,327.29214,-137.34958,259.351,353.12692,-224.28212,181.6435,349.5021,-209.64877
image_068.jpg,223.28589,69.89619,-68.117775,228.06085,61.01665,-53.822865,230.8918,60.921368,-53.82343,233.34955,60.87989,-53.86716,217.52492,61.021885,-51.99042,214.06612,60.960636,-51.9883,211.40916,60.950935,-51.96624,236.84834,64.55651,17.554083,207.54451,65.185684,26.363823,229.8192,78.56632,-42.941635,215.71844,78.62138,-40.53048,263.49615,121.17122,41.950348,185.79683,122.54235,48.644863,276.55768,167.34363,-70.30879,171.79247,170.07123,-49.40617,296.72565,128.72769,-215.8394,156.05359,123.937004,-199.54283,301.01407,116.4366,-239.9767,152.35513,112.95266,-226.3921,296.67914,111.99258,-232.87749,156.03127,108.83596,-222.6223,293.75262,115.83964,-216.38408,158.46529,112.009476,-201.99847,248.44516,220.73625,0.050751314,199.62852,220.87448,0.012761967,290.17056,223.20659,-267.86658,152.22507,225.31871,-253.93684,259.27682,315.6797,-178.87585,184.22188,315.30786,-173.62224,251.32504,328.55563,-171.42354,195.26868,326.83182,-166.57014,266.58643,350.90668,-255.87965,169.57486,350.22763,-247.78172
image_070.jpg,217.41283,216.34427,-218.66342,216.55621,210.51474,-228.8992,217.80263,209.36272,-228.8481,219.1158,208.01694,-228.97144,213.92111,212.06448,-214.45146,213.29752,211.97345,-214.47331,212.58531,211.63342,-214.46509,227.0239,200.94339,-228.11168,218.53694,205.20128,-161.03748,224.59868,216.47571,-214.31303,221.65387,218.371,-195.0478,262.84427,213.60626,-184.8179,226.26471,221.43817,-79.38986,293.29822,216.87921,-119.19694,244.07089,234.30336,18.361347,279.59048,208.22473,-28.835278,243.15785,233.03433,68.94282,280.66074,204.6509,-19.336721,244.36661,236.43259,80.289856,277.41794,202.80197,-26.736015,244.35327,234.48016,68.91545,277.07916,204.06802,-27.313276,244.98999,232.61076,66.77049,292.30542,257.21448,-46.928345,267.03116,259.62283,47.052326,259.79077,283.5349,-155.3834,219.51096,284.79398,-50.984688,263.04147,333.3267,-74.94409,231.96808,340.29007,-40.067696,260.57526,340.19083,-66.437965,239.32288,348.15347,-39.995125,250.11847,359.10733,-100.8439,220.14594,353.75775,-77.58554
image_071.jpg,232.80522,204.26733,-270.45987,231.59863,198.37045,-277.2743,233.06787,196.84976,-277.2284,234.94812,195.00926,-277.3481,228.224,200.38211,-265.61176,227.34015,200.30696,-265.65353,226.39954,200.05708,-265.65482,242.8504,186.36313,-262.82993,230.21346,195.0798,-209.49536,240.86139,203.83977,-260.97626,237.3198,206.31813,-245.55579,276.91284,196.84114,-204.76292,238.23744,209.39958,-118.51671,305.07898,198.01283,-115.655334,258.40988,221.14221,-15.991545,292.9718,195.85904,-10.110858,262.49622,222.75484,36.475235,290.85712,196.48811,3.2494905,265.0971,225.8394,47.880558,287.67307,190.55923,-2.1573732,264.40228,224.25975,35.117496,287.26666,190.94107,-7.405096,264.3652,222.15398,34.139885,305.63135,224.29999,-42.25627,280.82938,233.23712,42.43202,277.6349,261.78812,-137.12212,250.48814,267.57294,-60.255947,277.60446,319.505,-122.099205,262.82144,325.94714,-43.033485,273.58334,332.81998,-121.97385,266.29703,334.69968,-42.463352,260.19376,333.53604,-174.84865,246.14874,341.98688,-84.0172
image_072.jpg,218.88731,203.06111,-275.8696,217.5937,196.62476,-278.9811,218.90831,195.14536,-278.94952,220.55322,193.26447,-279.07477,215.09004,198.50948,-265.9458,214.42259,198.49464,-266.01416,213.54916,198.51222,-266.03372,228.84267,186.4487,-254.90144,218.7177,193.50005,-195.7127,225.21251,203.03192,-264.35602,222.29315,205.481,-247.3859,259.2039,194.66437,-200.86499,223.32385,216.23097,-98.10518,294.21066,198.4594,-109.88562,248.25273,230.94832,23.576046,269.75424,195.77632,-13.194914,258.65448,236.48001,95.699066,264.30383,201.01732,-2.2863836,264.0635,241.07898,111.479744,258.4824,197.10078,-6.765283,262.53296,238.10675,96.05827,263.61072,197.63237,-10.697879,261.4873,235.37888,93.297264,300.63776,223.40335,-45.229645,271.9254,235.20494,45.39632,279.33514,266.54404,-130.32353,221.34215,274.93726,-63.15229,290.2926,320.93283,-113.037674,230.02484,335.17908,-56.403584,295.98486,329.4127,-113.05481,243.29851,342.2484,-57.8621,276.77292,339.0427,-170.8587,216.18275,358.28986,-103.17727
image_073.jpg,111.76208,31.074797,-105.87639,116.31122,21.942884,-87.693794,119.71803,22.42581,-87.73541,123.048996,23.268957,-87.74768,107.70133,21.85053,-85.61962,104.98717,22.136496,-85.581345,102.30233,22.548923,-85.539734,129.03107,28.768837,-2.2503939,98.027115,27.70353,7.7542744,119.24895,42.583813,-75.70324,106.06281,41.312412,-72.90402,146.58414,78.945274,-16.525301,79.71315,82.04761,-1.7106744,145.38441,104.90113,-227.5036,84.66617,99.78946,-194.53604,131.33897,66.9799,-397.8376,100.93718,69.29116,-359.57022,126.057556,58.519653,-438.27332,104.33364,60.569794,-396.72845,125.90976,52.917633,-421.17126,104.48616,58.63059,-386.3709,127.45434,57.082237,-397.5838,105.096275,62.909645,-362.0944,133.34555,187.93652,-0.09343651,89.383865,187.10974,0.26671982,158.84329,216.66826,-253.1949,65.530914,214.75757,-271.7951,143.68391,301.20642,-154.56589,83.7741,301.2098,-155.89127,136.50293,312.9346,-149.7144,89.994125,312.71887,-148.76924,151.98709,324.63687,-256.62057,79.48332,324.996,-253.97876
image_074.jpg,111.74132,52.611187,-93.66555,117.136185,44.388638,-75.259796,119.94271,44.448837,-75.279015,122.87368,44.77478,-75.28225,108.2345,44.700592,-73.246796,105.133095,44.97614,-73.21723,102.21011,45.40817,-73.18258,129.19937,49.658054,6.8029585,97.56701,49.673107,17.244505,118.35283,63.11255,-65.166245,105.65935,61.966217,-62.234344,145.9471,101.20653,-11.704138,82.21131,100.3734,4.3481812,142.54477,126.72598,-216.91829,77.34532,119.317314,-185.0754,129.23589,89.39934,-379.65817,96.0181,86.8978,-341.95926,124.999725,79.65537,-416.8716,101.08129,76.33596,-378.37564,124.59227,76.88936,-402.80862,102.28216,72.50248,-366.2426,124.14545,80.358696,-380.15497,102.90037,78.63369,-343.49045,132.42737,210.40218,-2.444472,88.91751,205.286,2.573291,159.39998,215.23169,-262.0675,64.09417,212.24239,-268.6589,144.71445,302.45078,-155.90804,83.43834,304.55618,-150.41277,138.31273,314.05093,-149.68356,89.539635,315.0898,-142.44771,151.73927,326.96918,-250.91695,73.13584,327.074,-240.98636
image_075.jpg,112.26229,31.637814,-124.851425,116.84314,20.51729,-106.81988,119.8175,21.075394,-106.8622,122.78922,21.93814,-106.87737,108.63756,20.603174,-103.38018,105.86522,21.247023,-103.33817,103.08095,22.066072,-103.27718,128.06897,27.328213,-21.988903,97.33984,27.474682,-6.195029,118.55794,41.62255,-95.194855,106.55967,41.180458,-90.654366,145.56668,76.12606,-48.818417,78.864525,78.53989,-4.793112,145.54153,99.64484,-269.30814,76.91272,94.41146,-191.68011,132.45436,68.460754,-438.55557,92.104,71.9998,-377.4497,129.7589,61.076603,-480.3403,91.981834,67.31736,-416.15228,127.7572,55.96499,-466.28522,93.598404,66.540306,-408.1917,128.78563,58.23814,-439.12152,94.60402,70.15129,-382.0393,135.42996,187.57639,-5.4416146,92.53582,187.77237,5.581861,156.36046,214.16547,-270.8439,71.44119,213.69794,-260.67493,143.34995,302.05908,-147.5345,83.8677,300.61206,-126.39187,138.28284,312.29486,-140.54512,89.79482,312.55212,-117.97683,150.75996,326.1803,-253.57613,77.44676,325.6047,-224.08656
image_076.jpg,111.991554,43.204315,-111.42365,117.92903,35.088852,-92.0439,121.2383,35.375492,-92.09858,124.147385,35.7619,-92.12195,108.01538,34.89733,-90.31367,104.89803,35.045967,-90.29748,102.06671,35.434364,-90.26777,130.3196,40.384754,-5.1535215,97.82494,40.24399,3.322119,119.236786,54.119823,-81.30797,105.93514,53.69953,-78.94541,146.24669,88.48495,-24.018118,81.83499,89.10731,-9.21325,143.91893,116.23348,-233.84818,84.19066,109.21128,-196.8708,131.51599,78.10621,-392.7288,98.24717,77.63446,-357.992,127.43013,68.12852,-430.45032,102.4627,68.30275,-394.5688,126.761154,64.54716,-415.092,105.50492,64.155136,-384.68933,126.70462,69.634674,-392.69122,104.4935,70.394005,-360.92947,131.95715,201.23436,0.19394565,87.139366,199.04485,-0.042765576,159.94402,217.75967,-254.97812,66.88531,212.19067,-280.3893,142.8502,302.2152,-150.48871,84.50535,303.97397,-158.16534,136.13043,314.87537,-144.96313,90.67166,315.84875,-150.3931,152.35405,324.4799,-251.78535,76.581184,325.55566,-255.6819
image_077.jpg,108.297005,25.046478,-112.054695,112.91205,16.35611,-94.2863,116.03087,16.555408,-94.31337,119.05172,16.829767,-94.318665,103.41256,15.987039,-93.92676,100.20497,16.030533,-93.89289,97.185875,16.216711,-93.84056,124.96886,21.60795,-6.9957194,93.04359,21.518923,-3.8147168,115.893974,35.943275,-80.591095,103.048,35.737354,-79.713005,141.47824,63.91818,-13.059149,81.34758,69.60611,-21.64322,169.21935,44.60534,-225.97572,84.312454,59.702282,-227.95142,139.4619,43.86814,-392.33008,86.699394,45.438713,-381.3416,133.18192,42.573975,-430.61557,94.7915,39.242382,-419.56943,128.54314,41.29765,-413.32336,97.56247,33.398018,-409.8044,139.7429,42.899357,-391.84036,96.25307,37.563446,-383.97433,130.36143,179.63625,1.6325068,86.80201,179.24359,-1.5319263,151.41597,218.4578,-238.46637,71.59536,217.79079,-256.8563,141.31349,301.96317,-148.6502,82.39485,302.01184,-154.58397,135.969,313.1377,-145.13489,87.06775,313.26852,-149.2976,149.5196,324.91245,-255.24428,76.19498,324.90958,-257.69995
image_078.jpg,108.61402,23.732635,-107.12099,113.089714,15.547478,-88.13315,116.21778,15.630498,-88.16676,119.43017,15.63509,-88.19098,103.38993,14.998892,-88.00791,99.74551,15.028288,-87.97812,96.5282,15.183459,-87.91804,125.83135,20.397406,2.905041,92.428894,21.103094,4.2708774,115.72328,33.187862,-74.539116,103.5922,33.492455,-74.245125,141.17409,58.454624,-7.413164,80.35678,62.87775,-21.520287,169.15903,53.473354,-219.67366,89.74715,44.66997,-239.79274,154.9314,35.52717,-398.42303,95.85809,35.430725,-402.62015,172.92377,26.998344,-439.07452,101.58721,30.214193,-443.21246,165.48212,29.027563,-426.76917,103.058136,27.227768,-433.94867,161.64153,33.072903,-400.82858,104.415146,35.743652,-406.51605,131.6982,178.13364,1.1111028,88.11457,178.66872,-1.0761667,154.19414,220.90158,-241.68222,70.24557,217.62242,-262.7442,140.76038,302.19516,-133.35875,82.48653,300.38724,-136.70107,135.25356,313.31268,-128.0096,88.15289,312.00403,-128.96513,149.85568,326.5346,-244.15999,78.97264,325.63287,-237.25278
image_079.jpg,108.86289,31.255547,-120.222275,113.80227,22.147816,-102.75233,116.84856,22.275103,-102.80927,119.78305,22.229279,-102.8474,105.05257,21.186468,-100.24532,102.07024,20.96333,-100.22362,99.139084,20.778355,-100.20907,125.99793,26.025291,-16.421818,95.72893,25.468637,-3.8518403,115.90995,41.34991,-89.21842,103.161095,40.278336,-85.73554,142.26254,65.35165,-34.955826,83.311775,67.251205,-18.07211,151.36662,79.28313,-272.81467,79.394135,70.28302,-237.11328,137.1317,48.176506,-449.6558,90.94474,47.727314,-415.58594,130.81831,44.842995,-490.59607,97.73241,39.077263,-454.88586,130.27751,41.988846,-475.39047,95.25983,42.336845,-444.46603,141.43123,47.75597,-450.46313,95.64777,46.33514,-419.32846,133.23601,179.27733,-1.627635,90.43964,178.79918,1.690533,151.93027,218.62311,-256.99335,70.554955,214.07103,-271.48355,141.9573,302.51083,-170.94958,81.909836,301.0847,-173.10414,136.35861,314.33487,-168.06776,87.27435,313.5471,-168.38657,151.01498,325.39597,-288.23102,75.6348,324.71375,-283.59778
image_081.jpg,110.03061,37.973183,-100.00152,115.621735,28.781101,-80.37075,118.84404,28.946926,-80.39187,121.92567,29.13689,-80.37852,105.58806,28.412136,-79.530136,102.25852,28.508512,-79.5197,99.088905,28.80494,-79.473404,127.38746,32.66746,8.630162,93.88136,34.362766,13.541398,117.171875,48.696976,-68.86013,102.62459,48.487686,-67.54134,144.43471,78.51269,-10.346205,79.23987,81.06476,-4.9579244,161.82867,88.42014,-217.62181,77.037636,83.93835,-205.39001,134.30023,72.2471,-376.42953,89.276344,64.93631,-364.7039,124.43321,67.44811,-413.85513,95.988266,54.95252,-403.84802,123.08337,62.057003,-397.556,97.81246,53.69907,-393.9205,125.360886,64.1886,-375.22797,98.806244,57.136986,-367.35648,133.04778,193.24794,-1.7146068,88.092896,192.73816,1.8208916,151.46701,218.44016,-272.4676,70.04889,215.49925,-282.28094,141.22939,301.98477,-160.01541,83.554184,302.3598,-161.22693,135.7056,314.33295,-153.8521,89.55796,314.58856,-153.8619,149.85336,326.5015,-263.06375,76.05819,324.7523,-261.59882
image_082.jpg,242.35156,39.33524,-99.80615,246.20668,30.69505,-83.65081,249.00317,30.863556,-83.69358,251.69412,31.153772,-83.67333,237.03339,31.038813,-82.10556,234.17184,31.603117,-82.103134,231.46376,32.374832,-82.070175,257.05026,35.62845,-3.0654645,228.20424,37.64694,2.8919241,248.91397,48.665302,-71.52281,236.81845,49.07361,-69.91772,277.59866,91.355385,-21.115026,210.81297,91.043625,8.132311,270.57428,117.17955,-200.44702,213.03128,111.89248,-158.44489,264.8405,120.4644,-373.0489,222.27132,115.66475,-346.66605,268.7764,124.44162,-410.17038,219.48006,120.47818,-383.89066,266.0528,122.53676,-406.3046,222.3263,117.83235,-383.4804,263.07538,122.51695,-377.41815,223.65704,117.45496,-353.42188,264.6951,199.16733,-3.1528234,223.32812,199.56357,3.2647765,287.27423,220.4949,-268.77753,202.48856,221.38382,-282.0054,274.6931,302.908,-168.9575,216.34627,304.27298,-172.78784,269.39957,312.87903,-164.60266,221.83057,314.50455,-166.98358,282.6513,324.45724,-270.5409,208.01924,325.1651,-268.82217
image_083.jpg,244.44998,49.043034,-77.26128,249.5759,39.600018,-58.81574,252.63748,39.98782,-58.866722,255.07278,40.552467,-58.880554,239.22644,39.52586,-55.57388,235.92589,39.9953,-55.563866,233.44666,40.647846,-55.529648,260.2265,46.71424,24.74432,229.03261,47.08176,38.10805,251.07114,59.711433,-48.592865,238.01958,59.888115,-44.90924,278.74826,101.24129,3.5620933,213.02255,101.3098,46.23996,271.362,110.06598,-199.27101,209.76505,127.764984,-101.55705,263.21954,91.748825,-377.8766,218.53334,133.28778,-289.51498,261.14825,87.71419,-419.39917,216.1047,138.5404,-327.34412,261.54825,86.180984,-414.04718,220.49063,134.78525,-327.81967,260.36386,86.84578,-382.0849,221.83685,133.85315,-296.74347,265.69775,205.85495,-4.243856,223.44012,205.00569,4.3845644,288.5967,215.46396,-280.8949,200.28064,214.32883,-294.7903,274.34665,303.4364,-206.2366,216.20486,304.1818,-211.04773,269.92523,312.91135,-203.60008,221.8014,315.0828,-207.43797,282.05417,325.15527,-311.22815,207.78049,324.6484,-313.35974
image_084.jpg,244.00809,45.084854,-132.79926,249.00821,34.65296,-113.67133,252.0675,34.85196,-113.690025,254.51343,35.20603,-113.66279,238.81372,35.615604,-111.938866,235.5615,36.28618,-111.916016,233.26653,37.101593,-111.84822,259.68866,39.910755,-24.76649,229.27716,43.5771,-16.952124,250.83194,55.118935,-101.93997,238.33429,56.581673,-99.824615,279.78925,96.623116,-44.404785,213.69223,95.3009,-26.4362,272.90323,113.88848,-279.96545,209.40752,110.383736,-246.43378,265.38235,88.04123,-469.8539,231.25508,91.2019,-439.42508,258.68417,82.59356,-512.9614,236.16245,82.44823,-482.26416,257.21155,78.917336,-494.77307,238.87659,80.44904,-466.92145,258.4737,82.83435,-469.41852,234.43777,82.88687,-440.65207,264.71802,198.2608,-0.15390271,223.01373,196.57825,0.30398813,287.17892,221.5979,-285.19022,203.39789,221.65894,-308.62857,273.92212,301.9746,-157.20508,215.93597,303.2511,-172.90157,269.43396,311.4073,-150.46895,221.00142,313.5513,-165.42752,282.49414,325.38647,-263.2007,205.38124,326.4916,-279.13574
image_085.jpg,240.87296,34.2779,-71.53474,245.67456,26.344398,-50.699047,248.99963,26.429672,-50.75204,251.56403,26.802778,-50.76015,236.35179,26.792875,-48.864296,233.30963,27.159597,-48.88287,230.90182,27.606346,-48.866997,257.0139,31.159887,40.386627,228.67107,32.5129,48.181072,247.52737,44.273552,-40.58435,235.58794,44.505486,-38.5772,279.7433,87.24701,22.585377,209.27908,89.36224,41.603516,272.1808,105.27181,-194.71414,208.60995,121.47506,-131.40552,265.8268,95.78491,-397.2797,216.90808,139.03873,-330.15033,260.1547,92.714096,-441.1256,212.79875,156.60814,-371.37534,260.79367,88.44331,-433.45023,214.82231,150.25717,-371.50366,262.06552,89.44334,-400.97037,215.95433,148.83932,-336.99142,266.66318,194.8076,-1.9209925,222.20164,194.47945,2.0499003,287.13864,214.14064,-319.94452,202.90936,214.59247,-327.23706,274.97647,302.02173,-234.63826,215.75688,304.21854,-239.08548,268.61453,312.96014,-231.96605,220.88585,315.1989,-235.60999,281.68637,323.1926,-353.37204,208.40335,324.86942,-356.03586
image_087.jpg,243.52158,151.4015,-20.261185,241.32846,147.10251,-11.263085,241.50948,146.90819,-11.313736,241.72728,146.73901,-11.335279,239.86725,147.9929,-21.851007,238.93837,148.43747,-21.860012,237.923,148.9502,-21.87697,239.97404,148.97964,30.672329,233.7252,152.61835,-15.999862,244.77571,155.45576,-4.727374,242.73317,156.30013,-18.320791,246.7202,180.01933,48.886696,227.47298,186.4597,-45.532337,262.04333,192.68024,-46.212032,234.5401,195.32768,-141.56293,256.17072,175.49463,-159.80666,239.15277,180.90599,-188.40698,252.30632,170.06038,-177.46669,237.84276,171.71732,-203.07936,250.0143,169.06628,-168.71162,240.57132,174.33646,-199.27544,250.54514,172.71838,-160.09473,240.98016,176.51447,-188.0237,242.03496,255.31953,38.434258,228.00534,256.201,-38.393616,268.26706,270.45526,-26.734705,262.89478,272.74103,-117.39544,243.65233,312.6883,-13.592575,236.05835,320.1738,-96.71175,235.65341,317.63892,-14.217387,226.28192,328.98315,-95.97916,253.58871,323.043,-41.085327,253.29486,335.90668,-128.67488
image_088.jpg,242.96101,145.24506,-21.785551,240.17833,141.58035,-16.849714,239.99104,141.50114,-16.909708,239.82787,141.42734,-16.935831,239.55898,142.28651,-32.680412,238.90297,142.7073,-32.694695,238.22064,143.1531,-32.7151,236.29535,144.79628,11.934524,233.67235,147.5321,-58.7149,243.42253,150.0106,-9.6427555,242.24075,150.89334,-30.226038,234.30634,174.8208,49.949184,231.6892,184.80719,-92.20545,246.6346,190.1874,39.888924,251.75249,195.23409,-146.42998,249.08475,174.21008,-1.0446348,252.23717,170.31915,-150.8287,248.20335,170.98274,-5.338283,252.1689,164.99918,-162.90732,246.73213,167.12556,-3.60749,248.73338,162.73883,-161.01198,246.83733,169.33646,-2.259912,246.88872,168.0795,-150.29944,233.092,250.04791,50.495087,226.10074,254.65787,-50.400085,265.55353,260.9519,35.125267,258.16605,271.44168,-120.699234,240.22885,304.2638,67.7081,232.41072,324.19083,-101.482376,232.05426,312.48367,69.674576,224.77956,331.60077,-100.190674,251.83078,317.4226,51.845932,252.93912,333.68356,-127.62582
image_090.jpg,244.71634,155.77354,41.10154,241.134,152.26575,41.607296,240.44527,152.37955,41.564247,239.71577,152.51038,41.560513,241.49812,152.46739,28.115181,241.10995,152.69814,28.076523,240.64977,152.94403,28.040771,234.95892,156.78612,47.48472,235.63472,157.52553,-12.108712,244.45679,160.93954,44.99862,244.58388,160.70665,27.72526,229.8038,191.92783,72.34226,236.05174,192.71532,-57.548573,237.64569,208.31024,60.042145,264.59952,206.87202,-31.120266,248.12564,197.9549,18.65137,251.98117,188.78186,77.6609,250.51752,196.12694,14.667736,250.4458,183.91057,84.867546,250.4696,194.05272,16.461582,246.06648,182.69604,79.63474,249.09105,195.70633,17.15158,246.04994,187.20612,79.19327,231.32658,261.45935,44.43446,231.0004,262.89252,-44.3735,264.0428,263.63855,60.418533,260.60828,272.1311,-115.9176,241.6416,306.44067,74.479385,234.4733,320.52753,-115.22818,235.38965,313.1208,74.732834,226.70012,328.44135,-115.16553,250.89426,313.04614,68.75616,253.2435,322.4755,-131.14688
image_092.jpg,228.64244,68.52349,-130.49269,234.11943,58.913475,-106.99433,238.16199,59.058186,-107.03482,241.88654,59.158653,-107.17417,220.33022,59.24313,-108.89885,215.55223,59.75571,-108.8299,211.27795,60.574215,-108.83515,247.69595,66.44589,-0.9326305,205.38577,70.52761,-11.28671,237.22913,84.08463,-94.11931,220.23769,84.75694,-97.27452,281.92508,151.11536,29.425308,175.16153,150.127,26.210157,315.26413,242.78322,-122.97401,132.14297,235.08446,-118.197876,331.32605,157.1568,-310.02032,127.132645,154.76645,-329.14658,332.84418,134.73291,-341.83838,122.47593,133.41911,-362.81857,326.23648,128.34511,-319.6155,130.58562,129.94905,-348.4972,323.52133,134.00261,-305.39883,135.55014,137.04529,-327.45462,260.202,305.1013,2.1750946,189.56862,304.24124,-1.9079905,297.02383,312.10385,-327.53256,144.1519,311.74832,-340.13382,277.04913,429.2614,-210.30798,164.47966,429.90942,-217.41623,267.71796,449.279,-200.80452,174.7873,445.85034,-206.25125,288.22186,467.0216,-303.81433,157.59372,473.0456,-313.0689
image_093.jpg,219.89409,67.06396,-133.50482,226.64798,58.938625,-110.965294,230.78177,59.415585,-111.0083,234.76633,59.91789,-111.14044,212.18456,58.51052,-112.38199,207.3111,58.78709,-112.33012,203.14375,59.2524,-112.33434,241.12106,67.42724,-10.194096,199.02652,69.18395,-18.36361,229.71448,82.74503,-99.19428,210.53185,83.080864,-101.702034,274.44247,154.87221,21.737562,167.04443,152.96053,18.809023,312.44476,243.47273,-113.810394,125.21514,235.7587,-109.04044,328.5056,156.81975,-288.56735,121.0635,156.82977,-299.93237,329.64398,135.82587,-316.55225,118.97383,134.76671,-329.18716,323.89084,130.6659,-295.73816,126.34274,130.70169,-314.74002,320.96777,136.24388,-283.87997,130.13182,137.67387,-297.37894,252.38185,306.6262,3.8675685,182.97192,304.6567,-3.6674113,294.29044,324.28036,-310.02966,143.21248,314.43463,-318.47217,264.9883,430.98877,-175.80595,160.56714,430.11124,-184.25429,252.3884,448.1522,-164.48111,170.88762,444.71835,-171.90424,277.69452,474.60782,-260.2865,154.71422,478.53262,-268.7702
image_094.jpg,218.44826,39.121628,-141.91081,224.76688,30.821608,-119.542175,229.14648,31.167141,-119.54254,233.0096,31.465595,-119.606316,210.11047,30.808046,-119.81733,205.12424,31.438515,-119.7894,201.0695,32.087826,-119.77891,238.95486,38.29834,-20.350487,196.00868,41.626125,-21.535227,227.40898,54.55126,-108.42156,209.17865,54.6758,-108.80916,274.0365,127.03206,13.29193,167.10835,125.74949,19.382278,311.84286,214.50551,-135.14305,126.14356,212.11337,-111.508934,330.02628,123.740555,-332.34805,120.47047,131.39322,-321.15158,330.1517,103.747955,-362.66852,115.017075,112.97896,-356.4267,323.05905,97.84791,-346.51703,122.24,107.61608,-342.48468,321.80295,103.59101,-330.3862,126.270615,114.6435,-319.83743,255.20705,273.8267,-2.225886,186.44408,273.72693,2.3777077,292.45663,271.88712,-319.16974,141.16092,273.6483,-318.33163,267.62253,398.8804,-174.67235,166.52005,399.92337,-183.93172,258.79254,416.50403,-163.07596,178.22945,414.47876,-172.64752,266.8816,447.7254,-271.06543,162.97635,452.10406,-278.11444
image_095.jpg,218.59692,55.280373,-133.00458,225.36757,46.25197,-108.33154,229.23875,46.584927,-108.382,233.12936,46.994965,-108.49993,211.0773,46.30617,-109.45295,206.39714,46.719852,-109.393196,202.272,47.369785,-109.415565,238.3826,54.648636,-1.3977299,197.77516,56.91092,-8.690102,228.22661,70.47294,-96.88232,209.61552,70.78075,-99.12536,274.29132,140.9345,33.26641,166.48465,140.17935,28.942953,310.93686,232.42961,-130.42218,123.56781,225.11581,-118.61792,324.5687,144.95222,-330.86423,119.268715,144.82062,-332.0661,328.0069,124.41607,-363.2927,116.647354,123.613625,-364.95245,322.3412,119.656586,-338.4167,124.23995,119.01854,-349.7462,317.99512,125.862335,-325.37573,128.30197,126.43647,-329.73093,253.90677,294.04852,5.4909596,183.34317,292.6531,-5.21891,291.15515,308.6139,-320.60223,145.44539,306.11035,-346.52206,271.6528,417.56998,-212.26683,157.20737,420.67032,-236.79108,260.16467,436.48822,-204.57837,166.39238,437.2057,-228.1203,288.23508,456.67712,-312.32324,149.39363,462.95184,-341.97656
image_096.jpg,231.41687,150.97783,38.066856,230.64876,145.93445,31.536156,229.55238,145.56523,31.554787,228.41798,145.22559,31.586813,233.56946,146.75945,24.989487,234.34431,146.73473,24.969234,235.03865,146.6504,24.947048,224.0697,145.67422,14.789204,232.96771,147.77676,-15.127598,227.75854,153.9072,35.13134,231.01932,153.95914,26.222326,200.4977,167.39531,30.026976,226.82175,172.8714,-47.161373,186.28932,188.6304,80.613365,227.53131,196.8266,-49.042366,196.8636,169.91179,134.17767,230.05643,168.0229,-17.539068,197.91379,163.65251,144.46658,232.35034,164.49696,-17.011831,201.252,162.74634,141.24094,232.43806,161.4542,-12.429034,201.331,164.12343,134.74782,231.03046,163.01878,-14.019214,191.80525,229.9075,40.454918,210.62242,232.39049,-40.548523,206.43016,251.51436,141.42477,236.81421,254.95872,-45.25278,201.39346,284.2627,157.20006,217.91762,298.87112,-78.418526,198.30585,291.15042,158.7597,211.39967,305.21277,-80.218056,206.87714,294.7684,160.38179,229.77484,311.0166,-85.850746
image_097.jpg,230.10103,163.67607,49.167633,231.57225,159.77962,42.11564,230.79735,159.57405,42.112625,229.26117,158.87054,42.13082,234.08084,160.85889,37.141228,234.57802,161.02496,37.105717,234.98004,161.0197,37.09475,226.09435,160.32454,23.11388,233.02374,162.40904,0.3565566,226.8189,167.99124,44.693672,229.9052,168.8425,37.922485,200.25208,181.92493,34.521835,226.06468,187.09523,-30.489399,183.72766,203.5697,78.237885,223.72525,214.48244,-33.796135,195.17307,183.36853,132.36705,229.94745,189.70541,-2.2561984,195.54488,178.57513,140.58672,231.05922,193.1839,0.47250125,199.19821,176.84308,139.98605,229.64377,190.2524,3.3317645,198.42487,182.95241,133.5824,228.3884,191.53629,0.48682573,188.64972,241.10448,39.051125,202.76012,246.99944,-39.07809,217.50963,258.78464,138.7659,234.88371,262.74002,-69.18308,200.79684,289.3156,163.5427,217.81502,312.80957,-120.3575,197.5143,294.16757,164.80237,210.25758,320.7456,-125.64597,206.40585,303.66638,157.18895,230.36458,324.95422,-149.88222
image_098.jpg,260.1315,220.09349,-137.36375,261.5657,214.154,-130.99608,262.10968,213.57312,-131.00993,262.6605,212.83736,-131.06523,258.58148,214.39453,-142.93063,256.8341,213.90994,-142.96321,254.94727,213.1973,-142.96365,256.8766,213.15556,-88.09647,246.4338,210.24236,-141.4322,257.9206,223.91158,-119.45764,254.63889,223.67061,-134.98773,246.6619,225.31924,-34.461803,211.49646,230.46797,-123.782104,241.51183,247.52625,38.467777,178.83932,259.17517,-110.496864,252.63943,252.42004,74.249916,196.66913,238.06914,-81.62169,254.15105,255.00113,84.852875,198.14107,230.47102,-79.52049,255.47156,251.83488,80.236786,200.35915,225.93965,-79.71119,253.49338,250.69301,73.99626,200.65541,228.77951,-79.64098,220.35922,273.89874,30.423443,195.27895,280.15894,-30.385584,257.57626,295.24463,-13.010994,233.80835,317.06934,-67.08771,243.28091,345.79953,22.400513,222.65341,355.28842,20.581322,234.18478,349.88626,25.967552,214.92621,355.66602,31.718641,250.49132,371.13696,10.492123,234.37553,379.06277,30.526726
image_099.jpg,252.26866,232.6732,-197.86508,255.14658,227.67744,-191.64879,255.6021,227.17792,-191.68007,256.0769,226.48827,-191.75287,252.94633,227.2521,-207.0198,251.7818,226.42067,-207.09404,250.38766,225.41147,-207.11948,250.22687,220.62427,-137.98326,241.90263,218.888,-206.20702,248.36255,235.12035,-174.50375,245.606,234.73593,-194.488,239.61607,226.27394,-65.17936,203.96114,232.00072,-178.62683,233.85854,242.01344,39.22579,169.70518,257.26987,-190.99562,236.55002,252.48294,95.34841,189.0581,235.23466,-188.96588,238.1892,257.0672,109.13717,191.94087,230.0101,-193.89174,237.2159,255.81783,99.653564,193.33176,226.45581,-196.28752,235.07782,254.4151,94.06953,193.59494,228.19476,-188.40504,208.03296,274.7697,35.390118,178.77463,282.13303,-35.234127,250.80305,302.3869,-30.117788,224.5307,318.39426,-110.40746,232.5223,354.38272,-7.201285,216.48097,365.61975,-37.725418,229.72072,361.68707,-6.256112,210.3353,367.4804,-28.5403,248.99191,377.76624,-35.660816,231.82956,390.84854,-43.22179
image_100.jpg,262.50763,199.60411,-176.70561,263.78052,192.22229,-166.41212,264.54962,191.86803,-166.38977,265.30368,191.44934,-166.4293,259.30008,192.98795,-178.79466,256.6509,193.09999,-178.80913,253.78395,192.9477,-178.82689,258.68088,192.37794,-107.7744,244.57106,192.96364,-163.45216,261.59033,205.54019,-153.72928,255.50317,206.04546,-169.91904,250.08067,213.98965,-40.689163,212.20403,222.71692,-154.30833,252.86574,224.13487,53.165745,180.78284,250.56805,-222.93129,265.0014,209.1724,128.07404,195.5846,230.30031,-299.1309,269.4784,205.7341,146.09511,197.93341,223.76323,-314.27304,271.3446,207.1297,143.87901,200.66338,218.85739,-310.46466,269.06384,208.30919,129.501,201.16345,221.47202,-298.65298,224.85318,272.09402,34.607548,199.72078,279.4146,-34.693947,261.9489,302.22733,-17.077318,235.86649,321.00226,-66.11841,242.79176,348.47205,36.03895,229.23126,350.808,54.625595,237.17859,351.1252,40.44305,221.79851,349.8926,68.8033,250.36652,372.7681,25.85905,238.85417,370.9913,72.364136
image_101.jpg,262.7793,212.51088,-179.07352,263.87424,203.39522,-168.04066,264.88394,202.82776,-168.01988,265.9251,202.17813,-168.06218,259.06042,204.29227,-179.66151,256.37164,204.32614,-179.66882,253.47725,204.18803,-179.66995,262.47784,208.27922,-107.69061,244.89684,204.81024,-159.41174,262.2613,218.29684,-155.7042,256.09256,218.15994,-170.73158,250.48296,224.79207,-38.187885,212.57552,233.06242,-152.78581,255.3377,231.79701,59.974915,181.90782,260.93906,-222.65103,271.0196,218.95737,136.7457,195.901,239.35559,-304.22336,274.47034,215.86444,155.72284,196.89687,233.26039,-321.37665,274.7414,214.11879,152.87843,199.85493,228.87415,-320.48666,272.33765,215.46657,138.07762,201.32993,230.86288,-305.17346,223.08778,279.44003,34.86691,194.38168,286.67325,-34.93175,262.3322,302.66486,-30.118315,236.00308,321.6941,-82.31377,243.19238,351.84174,5.4151106,225.45787,349.62866,51.985863,235.66396,357.06863,7.8874335,218.84142,347.95157,67.63691,252.19969,374.37802,-11.291244,234.3494,371.04684,73.485565
image_102.jpg,265.3175,227.21387,-195.11438,267.42657,220.09427,-187.3254,268.53882,219.41397,-187.32872,269.55865,218.60562,-187.38266,262.4444,220.51694,-197.26881,259.73804,220.12704,-197.28085,256.85962,219.6002,-197.2721,265.4462,216.31406,-134.38457,248.10728,218.16577,-178.75734,264.28915,232.09828,-173.4185,258.47516,232.7109,-186.23505,258.95728,231.25134,-75.09283,217.76399,241.63283,-149.08476,263.00247,240.41995,-6.8875513,193.55965,269.30508,-130.28308,267.92133,230.02208,34.214252,203.386,250.76913,-103.19239,273.17877,227.35677,42.22292,205.67809,244.07014,-102.84731,271.1419,227.04356,39.48063,207.52838,238.84218,-104.73483,269.99792,235.22252,33.76771,208.33969,242.16118,-102.383316,230.96149,284.41028,26.645718,200.4738,292.96817,-26.593454,269.08026,307.75244,-42.352646,233.82431,324.08838,-102.722435,249.96555,354.59158,-11.529351,228.37102,358.15158,-18.208448,246.1952,362.51865,-9.861143,223.12447,359.6924,-8.32346,266.15402,381.42798,-29.66421,240.95601,381.49615,-21.944143
image_105.jpg,175.09862,221.28325,-158.575,174.64975,215.16609,-169.74734,176.26994,213.95732,-169.725,178.26587,212.46771,-169.84462,171.3684,216.53317,-155.34995,170.4377,216.3058,-155.32957,169.53098,216.04614,-155.32332,186.33063,204.93822,-176.22394,173.17462,210.6574,-110.02868,181.75778,221.25883,-156.60492,177.57483,223.05759,-137.50679,221.35445,219.74098,-147.31299,184.25356,218.12715,-36.790726,250.4375,238.25467,-99.87756,197.08731,249.79128,72.592514,246.49075,223.6877,-33.931282,202.06808,256.59702,153.61006,245.22958,219.49574,-27.760674,203.78506,261.61954,170.87941,242.33792,215.92863,-35.057106,202.81462,258.54974,161.55504,242.65558,219.27312,-33.83795,203.52988,256.5423,152.88577,241.894,276.30765,-42.145473,214.65514,275.96738,42.298008,221.864,335.6802,-89.18815,171.80675,309.08328,-10.895575,225.21812,350.5004,29.956266,201.07468,355.19867,30.73386,229.31252,349.6065,44.259197,210.3843,357.02832,34.659607,217.45627,369.60333,49.85789,192.39862,387.17914,21.837875
image_106.jpg,180.41336,200.04518,-173.62155,180.25291,193.1012,-183.43578,181.95755,192.15036,-183.40065,183.98465,191.10295,-183.51291,177.15012,193.93219,-169.27574,176.36484,193.61359,-169.26218,175.55695,193.24905,-169.25246,195.90988,184.94853,-182.80937,181.61694,190.0318,-117.207794,187.623,202.19107,-169.41286,184.08183,203.14476,-150.56963,230.64647,203.63486,-148.7659,190.14616,201.30533,-43.82886,264.31232,229.19243,-132.33966,205.67458,230.77174,55.843506,256.25818,205.61345,-91.43985,211.37555,236.93697,114.2643,254.38068,197.29454,-89.23722,211.79346,240.58737,125.76978,252.34811,194.46107,-91.24763,212.39091,239.5582,115.07304,250.35364,198.01114,-89.88754,213.69702,237.92352,111.96402,247.61794,264.71533,-41.716713,221.55516,262.91595,41.854187,225.10953,311.65268,-137.39606,178.32457,287.76318,-49.749855,244.58421,353.86945,-60.230175,213.33809,339.0262,2.653328,251.03838,356.16104,-52.792675,224.7839,345.818,6.2704773,237.05101,381.68973,-85.30661,195.2231,357.77734,-25.284678
image_107.jpg,254.42442,241.16684,-95.70333,257.06134,234.86186,-90.784996,257.26352,234.18182,-90.81365,257.4497,233.30055,-90.86077,255.16702,234.6178,-104.29298,253.86726,233.80675,-104.33565,252.24947,232.81033,-104.37473,249.1555,229.18913,-54.832733,242.55347,228.52364,-115.30724,250.75395,244.29422,-80.00994,248.14015,243.46692,-97.71421,240.66035,244.1853,-13.315603,205.67569,246.31728,-111.56628,241.3488,264.41486,52.873417,176.62259,280.5225,-148.59314,251.34352,255.23,86.50458,182.45282,251.82397,-186.4014,253.9441,255.05891,96.19032,180.50725,244.57483,-194.40843,254.6364,252.26843,93.12715,182.97836,240.48952,-196.57146,252.25777,252.0221,86.53569,184.33627,243.50772,-187.62065,216.65315,300.8386,30.296766,188.2609,302.68414,-30.185816,258.3423,315.8134,-50.089233,215.91046,348.73682,-100.01121,242.28404,357.16574,-3.5160894,222.47092,376.55493,-6.2859993,235.05219,364.51556,0.12530293,219.18279,375.83487,4.377777,249.9759,382.84726,-23.07816,234.92569,397.19177,-11.171765
image_108.jpg,258.2269,234.45247,-112.11026,259.46045,228.42606,-107.56949,259.5277,227.98363,-107.60147,259.59625,227.35536,-107.65156,258.0852,227.84013,-120.34138,257.07285,226.98251,-120.36684,255.8646,225.91187,-120.37269,251.41394,223.95995,-74.0074,246.05745,221.90276,-131.48459,255.30602,237.85294,-97.80797,253.42406,237.09341,-114.567444,244.97412,239.0215,-38.3435,208.33084,243.05434,-116.689896,240.71768,262.63452,20.511267,175.90138,274.80063,-120.613846,244.78026,267.0745,48.95027,186.13446,248.90327,-120.97953,246.10834,271.13467,56.745132,185.95538,239.09447,-122.4973,246.66586,267.78067,52.403683,187.08174,234.96065,-123.70558,244.61678,265.95755,48.542606,187.81949,237.57312,-120.56017,219.52467,292.61453,24.048721,191.71182,292.4497,-23.927504,257.82983,307.3123,-63.8966,201.73721,331.43573,-117.99021,237.00743,354.35855,-12.14867,207.1304,360.83002,-13.268265,230.15628,355.54703,-7.605715,205.11629,359.75867,-1.3701407,245.00662,376.2701,-29.43705,216.94197,383.85498,-15.706998
image_109.jpg,268.41223,253.24628,-126.704506,270.72513,246.64253,-122.091866,270.8752,245.94458,-122.11984,270.9117,245.15968,-122.16437,268.4775,246.52835,-134.49347,266.96918,245.75069,-134.5181,265.1835,244.81114,-134.53609,261.90378,241.34935,-87.99811,255.18304,240.42545,-143.53996,264.69586,256.20395,-112.3736,262.2121,255.59268,-128.46141,257.99283,254.35556,-52.460815,219.28708,262.48404,-120.52339,256.54684,276.93466,8.057537,187.20067,294.546,-81.5653,259.01437,284.34622,28.65282,198.3611,263.24857,-31.327522,261.0904,289.25577,35.375027,199.01996,256.75577,-25.157232,259.3848,286.22177,30.063328,200.83871,253.11949,-29.115747,256.5839,284.39548,27.846878,201.7674,254.94684,-30.457409,235.40948,309.8226,22.422337,206.42932,313.44485,-22.273296,274.1287,311.1949,-24.256277,217.21501,349.43466,-89.234856,248.31079,355.374,7.8541527,224.4617,358.29837,13.043825,239.58902,355.7375,11.135073,222.47105,355.11636,26.13277,254.45169,376.148,6.7273774,234.75314,375.2429,35.801975
image_111.jpg,258.53278,251.52083,-98.44386,260.07983,245.5895,-94.133095,260.071,245.05516,-94.155235,260.06235,244.28963,-94.19333,259.0075,245.49728,-106.126656,258.1778,244.95221,-106.15153,257.2105,244.18007,-106.18014,252.51718,240.25018,-63.670464,248.67433,240.21515,-117.42497,255.66994,254.63066,-85.74256,254.12698,254.09686,-101.41074,245.54326,253.56772,-31.562319,212.56825,258.4076,-104.54725,243.89174,272.23538,20.715626,184.4935,285.10477,-91.1567,244.84334,276.18057,46.35319,189.53876,263.0358,-64.32573,245.52678,280.27835,53.15303,189.1201,257.105,-62.01542,244.60448,276.95126,49.25724,189.92657,253.02026,-65.0272,242.82156,275.30347,45.90419,191.07501,254.1845,-63.959892,227.56279,305.5753,23.436848,200.5806,308.80423,-23.330597,265.45737,297.89267,-45.552338,207.19307,341.4987,-95.72793,247.91496,345.1678,-18.734486,211.40135,362.89343,-22.21349,240.00801,350.33936,-16.818462,209.71968,362.68222,-13.905882,256.79602,362.48642,-33.37059,219.04123,380.92392,-26.545273
image_112.jpg,263.09692,226.84106,-115.93012,263.3599,220.93222,-111.670364,263.27155,220.47008,-111.68023,263.20044,219.74512,-111.73637,262.0464,221.09134,-124.14067,260.80884,220.7286,-124.188354,259.60895,220.13503,-124.226105,254.74905,218.44475,-76.84992,248.93695,217.93004,-132.58424,260.1701,230.76338,-100.67427,258.25067,230.74886,-117.03454,246.87057,236.09186,-31.89183,212.78645,239.53084,-121.214645,246.01993,255.73103,29.967216,183.7537,266.68018,-124.950325,253.79625,250.93488,62.348637,192.04411,242.55313,-106.534775,255.79422,251.7282,71.72968,190.76161,235.29958,-104.77522,256.07272,248.28728,68.72899,191.06848,231.98198,-104.8715,254.1931,248.05183,62.405342,192.34645,233.91208,-105.15277,224.7542,290.6354,29.899273,196.74236,293.3042,-29.828796,265.2302,306.45486,-36.00954,222.88275,344.0624,-85.833694,248.67236,351.13992,36.089245,215.2289,372.8313,8.285931,240.79239,353.53806,42.8074,209.41537,373.37604,18.70085,258.96002,374.78687,27.614584,223.36577,394.8724,2.8482697
image_113.jpg,244.17543,256.40512,-138.88837,246.69669,252.23135,-138.65471,248.43027,251.62859,-138.65224,250.0514,250.84293,-138.72835,241.19568,251.91414,-138.2941,239.33603,251.15749,-138.25574,237.57477,250.26523,-138.2573,251.64308,244.79504,-97.732765,233.61655,244.47685,-94.90882,246.83987,258.01904,-119.44218,240.56476,257.47626,-118.59241,263.12015,251.75964,-51.459076,218.4545,250.37846,-56.191925,277.86258,268.89127,-105.27587,200.15305,274.34097,-102.08532,287.74808,249.54912,-203.78383,188.69289,252.76634,-182.43207,290.06613,243.59155,-223.41737,186.46304,246.30786,-198.3532,287.25192,240.43268,-218.69737,189.44621,243.69589,-196.73581,285.93585,241.97748,-205.3117,190.90648,245.08313,-184.1051,254.49126,314.40598,2.2811866,226.99677,314.46054,-2.0777686,270.68323,329.81854,-146.90594,216.18343,339.51434,-125.12175,261.58142,361.35638,-85.23565,221.49869,375.94647,-55.942333,256.0533,378.8836,-80.69762,225.29073,380.413,-50.00573,267.49936,389.24982,-124.688,217.68524,391.61697,-91.06745
image_114.jpg,239.04489,261.5707,-109.36026,240.70345,256.91254,-108.58269,242.29114,256.09018,-108.59832,243.84836,255.09383,-108.67987,235.87956,256.62527,-108.46062,234.21239,255.7485,-108.40605,232.76108,254.76355,-108.41418,245.26903,248.26128,-67.33765,229.0408,248.81,-64.98165,241.45964,261.90955,-89.9714,236.40675,261.29132,-89.2495,258.69388,256.38754,-25.514446,213.44057,256.53473,-35.037945,271.9195,271.37717,-87.51547,195.47797,275.50818,-86.64663,281.27698,253.0829,-195.26543,184.69518,258.53723,-174.90717,284.51486,247.07411,-216.2053,181.15665,252.0417,-192.26949,282.13474,244.93358,-212.22928,183.55925,249.29807,-192.12282,280.45297,247.4483,-197.46768,185.20287,251.26822,-177.61432,249.82736,318.41974,3.0443163,221.62146,318.2931,-2.77867,265.11484,330.53467,-148.21667,212.55713,342.47305,-106.69159,257.72794,378.7952,-99.16361,217.27449,379.1048,-31.684685,253.63855,385.81796,-95.68541,220.58093,382.90927,-24.954926,263.51254,394.54428,-140.47023,215.80331,395.04056,-63.109287
image_115.jpg,241.5444,242.01387,-121.553894,243.41208,236.826,-119.111496,244.93686,235.71028,-119.13191,246.39848,234.50723,-119.211334,238.79338,237.27869,-120.70548,237.18312,236.5064,-120.68521,235.71233,235.57027,-120.69314,246.99966,229.5936,-78.00691,232.58205,230.46811,-83.54539,243.59734,243.25316,-103.02131,238.75523,243.50833,-104.62179,258.96823,241.50014,-39.564693,216.79665,244.11295,-51.616722,275.70746,257.3102,-91.38589,198.71568,268.73654,-88.01626,283.86526,234.89809,-193.54137,187.25714,247.17484,-153.05591,286.63058,228.23993,-212.48105,183.77795,240.33537,-166.85669,284.8332,225.28531,-211.5279,185.52573,237.20319,-167.77777,282.9822,227.54681,-196.67397,187.85718,239.26476,-155.26717,253.31366,304.78668,3.787106,225.86105,305.6464,-3.6604364,272.16583,326.30716,-116.89116,216.59184,337.25986,-73.376945,263.3061,360.0998,-51.843765,223.11359,370.62918,9.518101,257.4669,371.78064,-46.28792,227.23967,374.63727,17.167112,271.6463,382.7132,-82.00274,219.12134,386.65906,-14.556059
image_116.jpg,236.22456,267.49768,-79.21778,238.51317,263.45978,-78.429344,240.39812,262.73172,-78.44144,242.23549,261.8562,-78.5119,232.94284,263.67203,-78.497185,230.9761,263.24115,-78.45886,229.14494,262.73117,-78.46388,244.58522,257.4892,-39.7062,225.48764,257.70624,-38.631428,238.83768,268.4481,-60.78357,233.61258,268.08755,-60.539326,257.7735,260.9143,0.33834967,211.87807,260.6846,-10.0355,271.81958,275.50772,-48.013245,193.3542,279.84235,-50.07363,281.9759,256.28748,-135.17033,182.62645,259.10928,-116.44632,287.0792,249.65262,-151.52455,179.65387,251.80437,-130.40862,284.7075,246.40019,-149.07576,182.8797,249.22096,-129.00922,282.04398,247.85216,-137.63078,184.66939,251.44202,-118.00047,247.57507,324.12625,2.3433113,218.66238,324.1083,-2.0877075,264.15277,323.85864,-162.93253,206.55829,333.40045,-155.30342,254.39333,364.61392,-131.82336,214.24908,372.28275,-103.370514,255.22859,382.02982,-129.6248,217.89731,376.3362,-98.12681,264.10852,392.10532,-176.27348,213.80754,389.37582,-139.52332
image_118.jpg,222.24185,246.44916,-77.345566,224.12708,239.97337,-73.540306,225.62013,239.61371,-73.57012,227.21425,239.11078,-73.634224,219.86514,239.45155,-74.53948,218.35918,238.82678,-74.5259,216.98158,238.09518,-74.54147,228.54459,236.0119,-33.968796,212.45581,238.17635,-37.41506,224.26114,247.32278,-60.351913,219.12212,247.84883,-61.336662,242.08273,250.72136,-5.1391654,198.27109,251.42815,-16.3876,257.56567,267.66513,-60.988182,181.3485,273.66995,-62.512062,267.46747,247.40454,-156.4454,169.74048,250.42711,-128.5835,271.35922,242.5291,-172.68658,167.05692,243.4697,-141.3594,269.55743,238.40967,-171.02032,170.00302,240.63084,-139.39194,267.08908,239.98114,-158.9213,172.05882,242.71054,-129.54974,234.06856,312.5401,3.020366,206.54881,314.07553,-2.8905518,250.3345,320.05548,-141.16591,191.88225,330.80212,-136.34908,241.67293,357.69638,-80.53557,201.25829,358.12134,-69.60121,239.57811,368.64108,-75.41056,208.73804,368.943,-63.299088,252.50407,377.7824,-114.02866,202.98026,382.88602,-102.87006
